USE institut;

INSERT INTO familia_professional(id_familia, nom) VALUES
(1, "Informàtica i comunicacions"),
(2, "Administració d'Empreses"),
(3, "Comerç i Màrqueting"),
(4, "Sanitat"),
(5, "Òptica"),
(6, "Turisme");

INSERT INTO cicle_formatiu(id_familia, id_cicle, nivell, sigles, nom) VALUES
(1, 1, "gm", "SMX", "Sistemes Microinformàtics en Xarxa"),
(1, 2, "gs", "ASIX", "Administració de Sistemes Informàtics en Xarxa"),
(1, 3, "gs", "DAM", "Desenvolupament d'Aplicacions Multiplataforma"),
(1, 4, "gs", "DAW", "Desenvolupament d'Aplicacions Web"),
(1, 5, "ce", "CETI", "Ciberseguretat en Entorns de les Tecnologies de la Informació"),
(1, 6, "ce", "IABD", "Inteligència Artificial i Big Data"),

(2, 7, "gm", "GA", "Gestió Administrativa"),
(2, 8, "gs", "AF", "Administració i Finances"),

(3, 9, "gm", "AC", "Activitats Comercials"),
(3, 10, "gs", "MP", "Màrqueting i Publicitat"),
(3, 11, "gs", "CI", "Comerç Internacional"),

(4, 12, "gm", "CAE", "Cures Auxiliars d'Infermeria"),
(4, 13, "gs", "LCB", "Laboratori Clínic i Biomèdic"),

(5, 14, "gs", "OPT", "Òptica i Protètica Ocular"),

(6, 15, "gs", "AVGE", "Agències de Viatges i Gestió d'Esdeveniments"),
(6, 16, "gs", "GAT", "Gestió d'Allotjaments Turístics"),
(6, 17, "gs", "GIAT", "Guia, Informació i Assistències Turístiques");

INSERT INTO especialitat(id_especialitat, nom, sigles, cos) VALUES
("211", "Anglés", "ANG", "Secundària"),
("222", "Formació i orientació laboral", "FOL", "Secundària"),
("254", "Informàtica", "INF", "Secundària"),
("2B8", "Sistemes i aplicacions informàtiques", "SAI", "Secundària");


INSERT INTO modul_professional(id_modul, nom, sigles, hores, hores_setmanals, ects, id_especialitat) VALUES
-- SMX
("0221", "Muntatge i Manteniment d'Equips", "MME", 224, 7, 5, "2B8"),
("0222", "Sistemes Operatius Monoestació", "SOM", 128, 4, 5, "2B8"),
("0223", "Aplicacions Ofimàtiques", "AOF", 224, 7, 5, "2B8"),
("0224", "Sistemes Operatius en Xarxa", "SOX", 176, 8, 5, "2B8"),
("0225", "Xarxes Locals", "XAR", 224, 7, 5, "254"),
("0226", "Seguretat Informàtica", "SEG", 110, 5, 5, "254"),
("0227", "Serveis en Xarxa", "SX", 176, 8, 5, "254"),
("0228", "Aplicacions Web", "AW", 88, 4, 5, "254"),
("0229", "Formació i Orientació Laboral", "FOL", 96, 3, 5, "222"),
("0230", "Empresa i Iniciativa Emprenedora", "EIE", 60, 3, 4, "222"),
("0231", "Formació en Centres de Treball", "FCT", 380, null, 22, null),
("CV0001", "Anglés Tècnic I-M", "ATM-I", 96, 3, 6, "211"),
("CV0002", "Anglés Tècnic II-M", "ATM-II", 40, 2, 6, "211"),

-- ASIX
("0369", "Implantació de Sistemes Operatius en Xarxa", "ISO", 224, 7, 15, "2B8"),
("0370", "Planificació i administració de xarxes", "PAX", 192, 6, 12, "254"),
("0371", "Fonaments de maquinari", "FHW", 96, 3, 6, "2B8"),
("0372", "Gestió de Base de Dades", "GBD", 160, 5, 11, "254"),
("0373", "Llenguatge de marques i sistemes de gestió d'informació", "LLM", 96, 3, 7, "254"),
("0374", "Administració de sistemes operatius", "ASO", 120, 6, 8, "2B8"),
("0375", "Serveis de xarxa i Internet", "SXI", 120, 6, 8, "254"),
("0376", "Implantació d'aplicacions web", "IAW", 100, 5, 6, "254"),
("0377", "Administració de sistemes gestors de bases de dades", "SGBD", 60, 3, 5, "254"),
("0378", "Seguretat i alta disponibilitat", "SAD", 100, 5, 6, "254"),
("0379", "Projecte d'Administració de Sistemes Informàtics en Xarxa", "PRJ", 40, null, 5, null),
("0380", "Formació i Orientació Laboral", "FOL", 96, 3, 5, "222"),
("0381", "Empresa i Iniciativa Emprenedora", "EIE", 60, 3, 4, "222"),
("0382", "Formació en Centres de Treball", "FCT", 400, null, 22, null),
("CV0003", "Anglés Tècnic I-S", "ATS-I", 96, 3, 6, "211"),
("CV0004", "Anglés Tècnic II-S", "ATS-II", 40, 2, 6, "211"),

-- DAM
("0483", "Sistemes Informàtics", "SI", 160, 5, 10, "2B8"),
("0484", "Bases de Dades", "BD", 160, 5, 12, "254"),
("0485", "Programació", "PRG", 256, 8, 14, "254"),
("0486", "Accés a Dades", "AD", 120, 6, 9, "254"),
("0487", "Entorns de Desenvolupament", "ED", 96, 3, 6, "254"),
("0488", "Desenvolupament d'Interfícies", "DIU", 120, 6, 9, "2B8"),
("0489", "Programació multimèdia i dispositius mòbils", "PMM", 100, 5, 7, "254"),
("0490", "Programació de Serveis i Processos", "PSP", 60, 3, 5, "254"),
("0491", "Sistemes de Gestió Empresarial", "SGE", 100, 5, 6, "2B8"),
("0492", "Projecte de Desenvolupament d'Aplicacions Multiplataforma", "PRJ", 40, null, 5, null),
("0493", "Formació i Orientació Laboral", "FOL", 96, 3, 5, "222"),
("0494", "Empresa i Iniciativa Emprenedora", "EIE", 60, 3, 4, "222"),
("0495", "Formació en Centres de Treball", "FCT", 400, null, 22, null),

-- DAW
("0612", "Desenvolupament Web en Entorn Client", "DEC", 140, 7, 9, "2B8"),
("0613", "Desenvolupament Web en Entorn Servidor", "DES", 160, 8, 12, "254"),
("0614", "Desplegament d’Aplicacions Web", "DAW", 80, 4, 5, "2B8"),
("0615", "Disseny d'Interfícies Web", "DIW", 120, 6, 9, "254"),
("0616", "Projecte de Desenvolupament d'Aplicacions Web", "PRJ", 40, null, 5, null),
("0617", "Formació i Orientació Laboral", "FOL", 96, 3, 5, "254"),
("0618", "Empresa i Iniciativa Emprenedora", "EIE", 60, 3, 4, "222"),
("0619", "Formació en Centres de Treball", "FCT", 400, null, 22, null);



INSERT INTO cicle_modul(id_cicle, id_modul, curs) VALUES
-- SMX
(1, "0221", 1),
(1, "0222", 1),
(1, "0223", 1),
(1, "0225", 1),
(1, "CV0001", 1),
(1, "0229", 1),
(1, "0224", 2),
(1, "0226", 2),
(1, "0227", 2),
(1, "0228", 2),
(1, "0231", 2),
(1, "CV0002", 2),
(1, "0230", 2),

-- ASIX
(2, "0369", 1),
(2, "0370", 1),
(2, "0371", 1),
(2, "0372", 1),
(2, "0373", 1),
(2, "CV0003", 1),
(2, "0380", 1),
(2, "0374", 2),
(2, "0375", 2),
(2, "0376", 2),
(2, "0377", 2),
(2, "0378", 2),
(2, "0379", 2),
(2, "0381", 2),
(2, "CV0004", 2),
(2, "0382", 2),

-- DAM
(3, "0373", 1),
(3, "0483", 1),
(3, "0484", 1),
(3, "0485", 1),
(3, "0487", 1),
(3, "CV0003", 1),
(3, "0493", 1),
(3, "0486", 2),
(3, "0488", 2),
(3, "0489", 2),
(3, "0490", 2),
(3, "0491", 2),
(3, "0492", 2),
(3, "0494", 2),
(3, "CV0004", 2),
(3, "0495", 2),

-- DAW
(4, "0373", 1),
(4, "0483", 1),
(4, "0484", 1),
(4, "0485", 1),
(4, "0487", 1),
(4, "CV0003", 1),
(4, "0617", 1),
(4, "0612", 2),
(4, "0613", 2),
(4, "0614", 2),
(4, "0615", 2),
(4, "0616", 2),
(4, "0618", 2),
(4, "CV0004", 2),
(4, "0619", 2);

INSERT INTO persona(dni, nom, cognoms, telefon, data_naixement, correu_personal, correu_corporatiu) VALUES
("93224949S", "Joan", "Sanchis", "662017589", "1994-08-10", "jsanchis@gmail.com", "joasan@edu.gva.es"),
("12359573V", "Carles", "Perelló", "620762790", "2000-06-22", "cperello@gmail.com", "carper@edu.gva.es"),
("40454056T", "Òscar", "Peris", "661713683", "1975-01-15", "operis@gmail.com", "oscper@edu.gva.es"),
("42509034C", "Andrès", "Pastor", "684877475", "1999-09-09", "apastor@gmail.com", "andpas@edu.gva.es"),
("82298742G", "Isabel", "Mora", "686168535", "1991-11-20", "imora@gmail.com", "isamor@edu.gva.es"),
("73903970W", "Maria", "Femenia", "640599110", "1974-12-04", "mfemenia@gmail.com", "marfem@edu.gva.es"),
("17286956H", "Mar", "Sánchez", "618817819", "1984-11-10", "msanchez@gmail.com", "marsan@edu.gva.es"),
("55739745G", "Marta", "Català", "618700264", "1992-02-09", "mcatala@gmail.com", "marcat@edu.gva.es"),
("92384756F", "Pau", "Peris", "678234908", "1982-03-19", "pperis@gmail.com", "p.peris@edu.gva.es");

-- Sistemes i aplicacions informàtiques
INSERT INTO `persona` (`dni`, `nom`, `cognoms`, `telefon`, `data_naixement`, `correu_personal`, `correu_corporatiu`) VALUES
    ("33970785S", "Dolores", "Lerma", "+34 671 954 624", "2002-10-10", "dlerma@hotmail.com", "d.lerma@alu.edu.gva.es"),
    ("73265618S", "Laia", "Posada", "+34 617 235 133", "2000-12-29", "lposada@yahoo.com", "l.posada@alu.edu.gva.es"),
    ("15606014P", "Anna", "Ballesteros", "+34 664 550 233", "2001-08-15", "aballesteros@gmail.com", "a.ballesteros@alu.edu.gva.es"),
    ("03603738Y", "Enzo", "Quevedo", "+34 634 682 284", "1998-04-03", "equevedo@gmail.com", "e.quevedo@alu.edu.gva.es"),
    ("52116309B", "Valèria", "Valle", "+34 649 749 806", "1998-07-07", "vvalle@yahoo.com", "v.valle@alu.edu.gva.es"),
    ("38772382V", "Antonio", "Borrell", "+34 69 939 660", "2002-04-10", "aborrell@yahoo.com", "a.borrell@alu.edu.gva.es");
    -- ("21548241R", "Paula", "Espada", "+34 643 205 897", "2000-11-19", "pespada@gmail.com", "p.espada@alu.edu.gva.es"),
    -- ("02870299Z", "Clàudia", "Marcos", "+34 632 49 295", "2001-08-28", "cmarcos@hotmail.com", "c.marcos@alu.edu.gva.es"),
    -- ("96479248K", "Abril", "Villar", "+34 698 693 364", "2002-05-23", "avillar@hotmail.com", "a.villar@alu.edu.gva.es"),
    -- ("45651051F", "Martina", "Chamorro", "+34 695 3 653", "1999-12-19", "mchamorro@gmail.com", "m.chamorro@alu.edu.gva.es"),

INSERT INTO `professor` (`dni`, `id_especialitat`) VALUES
    ("33970785S", "2B8"),
    ("73265618S", "2B8"),
    ("15606014P", "2B8"),
    ("03603738Y", "2B8"),
    ("52116309B", "2B8"),
    ("38772382V", "2B8");
    -- ("21548241R", "2B8"),
    -- ("02870299Z", "2B8"),
    -- ("96479248K", "2B8"),
    -- ("45651051F", "2B8"),


-- Informàtica
INSERT INTO `persona` (`dni`, `nom`, `cognoms`, `telefon`, `data_naixement`, `correu_personal`, `correu_corporatiu`) VALUES
    ("67068658Z", "Abril", "Gargallo", "+34 616 449 269", "2006-04-30", "agargallo@gmail.com", "a.gargallo@alu.edu.gva.es"),
    ("05652754K", "Manuel", "Reig", "+34 676 127 647", "2003-10-02", "mreig@hotmail.com", "m.reig@alu.edu.gva.es"),
    ("19208116B", "Aina", "Salcedo", "+34 681 519 779", "2000-04-02", "asalcedo@gmail.com", "a.salcedo@alu.edu.gva.es"),
    ("02827316H", "Laura", "Vázquez", "+34 635 684 107", "1999-12-14", "lvázquez@hotmail.com", "l.vázquez@alu.edu.gva.es"),
    ("31279106A", "Júlia", "Ramis", "+34 665 755 174", "2004-10-27", "jramis@gmail.com", "j.ramis@alu.edu.gva.es"),
    ("04687146E", "Jana", "Torrijos", "+34 638 494 244", "2001-10-16", "jtorrijos@hotmail.com", "j.torrijos@alu.edu.gva.es"),
    ("43865478Q", "Josep", "Bautista", "+34 622 766 635", "2003-07-10", "jbautista@hotmail.com", "j.bautista@alu.edu.gva.es"),
    ("84692292J", "Sofía", "Arregui", "+34 647 307 622", "1999-05-17", "sarregui@gmail.com", "s.arregui@alu.edu.gva.es"),
    ("09818415Z", "Albert", "Abellán", "+34 643 216 557", "1998-10-12", "aabellán@hotmail.com", "a.abellán@alu.edu.gva.es"),
    ("76279685R", "Sílvia", "Solsona", "+34 625 567 828", "1999-08-20", "ssolsona@gmail.com", "s.solsona@alu.edu.gva.es");
    -- ("29929731S", "Júlia", "Alonso", "+34 645 832 239", "2001-08-01", "jalonso@gmail.com", "j.alonso@alu.edu.gva.es"),
    -- ("13416069P", "Bruno", "Larrañaga", "+34 688 868 205", "2005-07-06", "blarrañaga@hotmail.com", "b.larrañaga@alu.edu.gva.es"),
    -- ("30664980T", "Júlia", "Robledo", "+34 664 64 783", "1998-12-17", "jrobledo@yahoo.com", "j.robledo@alu.edu.gva.es"),
    -- ("39562637S", "María Dolores", "Ariño", "+34 661 623 671", "2003-11-03", "mdariño@yahoo.com", "md.ariño@alu.edu.gva.es"),
    -- ("92486162B", "Daniel", "Macías", "+34 67 758 948", "2005-02-02", "dmacías@hotmail.com", "d.macías@alu.edu.gva.es"),
    -- ("03516420L", "Martina", "Carrera", "+34 626 732 948", "2004-05-24", "mcarrera@hotmail.com", "m.carrera@alu.edu.gva.es");

INSERT INTO `professor` (`dni`, `id_especialitat`) VALUES
    ("67068658Z", "254"),
    ("05652754K", "254"),
    ("19208116B", "254"),
    ("02827316H", "254"),
    ("31279106A", "254"),
    ("04687146E", "254"),
    ("43865478Q", "254"),
    ("84692292J", "254"),
    ("09818415Z", "254"),
    ("76279685R", "254");
    -- ("29929731S", "254"),
    -- ("13416069P", "254"),
    -- ("30664980T", "254"),
    -- ("39562637S", "254"),
    -- ("92486162B", "254"),
    -- ("03516420L", "254");

-- Formació i orientació laboral
INSERT INTO `persona` (`dni`, `nom`, `cognoms`, `telefon`, `data_naixement`, `correu_personal`, `correu_corporatiu`) VALUES
    ("96426929G", "José", "Quiroga", "+34 650 957 739", "1999-04-03", "jquiroga@yahoo.com", "j.quiroga@alu.edu.gva.es"),
    ("20347218S", "Laura", "Barranco", "+34 674 343 437", "1999-06-07", "lbarranco@hotmail.com", "l.barranco@alu.edu.gva.es");


INSERT INTO `professor` (`dni`, `id_especialitat`) VALUES
    ("96426929G", "222"),
    ("20347218S", "222");

-- Anglés
INSERT INTO `persona` (`dni`, `nom`, `cognoms`, `telefon`, `data_naixement`, `correu_personal`, `correu_corporatiu`) VALUES
    ("81415721E", "María Del Carmen", "Grau", "+34 671 988 848", "1998-03-09", "mdcgrau@hotmail.com", "mdc.grau@alu.edu.gva.es"),
    ("11071670E", "Enzo", "Miró", "+34 628 410 639", "1995-03-11", "emiró@gmail.com", "e.miró@alu.edu.gva.es");

INSERT INTO `professor` (`dni`, `id_especialitat`) VALUES
    ("81415721E", "211"),
    ("11071670E", "211");

INSERT INTO `grup` (`id_cicle`, `curs`, `lletra`, `semipresencial`, `dni_tutor`) VALUES
    (1, 1, "A", 0, "52116309B"),
    (1, 1, "B", 0, "15606014P"),
    (1, 2, "", 0, "03603738Y"),
    (2, 1, "", 0, "33970785S"),
    (2, 2, "", 0, "76279685R"),
    (3, 1, "", 1, "09818415Z"),
    (3, 2, "", 1, "43865478Q"),
    (4, 1, "", 0, "05652754K"),
    (4, 2, "", 0, "02827316H");

INSERT INTO `imparteix` (`dni_professor`, `id_modul`, `id_cicle`, `curs`, `lletra_grup`, `semipresencial`, `curs_academic`) VALUES
    ("02827316H", "0613", 4, 2, "", 0, "23/24"),
    ("03603738Y", "0224", 1, 2, "", 0, "23/24"),
    ("04687146E", "0227", 1, 2, "", 0, "23/24"),
    ("05652754K", "0485", 4, 1, "", 0, "23/24"),
    ("09818415Z", "0485", 3, 1, "", 1, "23/24"),
    ("15606014P", "0223", 1, 1, "B", 0, "23/24"),
    ("19208116B", "0225", 1, 1, "B", 0, "23/24"),
    ("33970785S", "0369", 2, 1, "", 0, "23/24"),
    ("38772382V", "0612", 4, 2, "", 0, "23/24"),
    ("52116309B", "0221", 1, 1, "A", 0, "23/24"),
    ("73265618S", "0223", 1, 1, "A", 0, "23/24"),
    ("31279106A", "0225", 1, 1, "A", 0, "23/24"),
    ("38772382V", "0221", 1, 1, "B", 0, "23/24"),
    ("43865478Q", "0486", 3, 2, "", 1, "23/24"),
    ("67068658Z", "0615", 4, 2, "", 0, "23/24"),
    ("73265618S", "0488", 3, 2, "", 1, "23/24"),
    ("15606014P", "0374", 2, 2, "", 0, "23/24"),
    ("76279685R", "0375", 2, 2, "", 0, "23/24"),
    ("84692292J", "0370", 2, 1, "", 0, "23/24"),
    ("67068658Z", "0376", 2, 2, "", 0, "23/24"),
    ("84692292J", "0378", 2, 2, "", 0, "23/24"),
    ("33970785S", "0483", 3, 1, "", 1, "23/24"),
    ("52116309B", "0483", 4, 1, "", 0, "23/24"),
    ("19208116B", "0484", 3, 1, "", 1, "23/24"),
    ("31279106A", "0484", 4, 1, "", 0, "23/24"),
    ("04687146E", "0226", 1, 2, "", 0, "23/24"),
    ("05652754K", "0489", 3, 2, "", 1, "23/24"),
    ("09818415Z", "0372", 2, 1, "", 0, "23/24"),
    ("03603738Y", "0491", 3, 2, "", 1, "23/24"),
    ("43865478Q", "0228", 1, 2, "", 0, "23/24"),
    ("73265618S", "0614", 4, 2, "", 0, "23/24"),
    ("33970785S", "0222", 1, 1, "B", 0, "23/24"),
    ("38772382V", "0222", 1, 1, "A", 0, "23/24"),
    ("52116309B", "0371", 2, 1, "", 0, "23/24"),
    ("67068658Z", "0373", 2, 1, "", 0, "23/24"),
    ("76279685R", "0377", 2, 2, "", 0, "23/24"),
    ("20347218S", "0381", 2, 2, "", 0, "23/24"),
    ("84692292J", "0373", 3, 1, "", 1, "23/24"),
    ("96426929G", "0380", 2, 1, "", 0, "23/24"),
    ("19208116B", "0487", 3, 1, "", 1, "23/24"),
    ("20347218S", "0493", 3, 1, "", 1, "23/24"),
    ("11071670E", "CV0003", 3, 1, "", 1, "23/24"),
    ("31279106A", "0618", 4, 2, "", 0, "23/24"),
    ("96426929G", "0229", 1, 1, "B", 0, "23/24"),
    ("81415721E", "CV0001", 1, 1, "B", 0, "23/24"),
    ("11071670E", "CV0001", 1, 1, "A", 0, "23/24"),
    ("20347218S", "0229", 1, 1, "A", 0, "23/24"),
    ("02827316H", "0490", 3, 2, "", 1, "23/24"),
    ("81415721E", "CV0003", 2, 1, "", 0, "23/24"),
    ("11071670E", "CV0003", 4, 1, "", 0, "23/24"),
    ("96426929G", "0230", 1, 2, "", 0, "23/24"),
    ("04687146E", "0617", 4, 1, "", 0, "23/24"),
    ("67068658Z", "0487", 4, 1, "", 0, "23/24"),
    ("76279685R", "0373", 4, 1, "", 0, "23/24"),
    ("20347218S", "0494", 3, 2, "", 1, "23/24"),
    ("81415721E", "CV0004", 3, 2, "", 1, "23/24"),
    ("81415721E", "CV0002", 1, 2, "", 0, "23/24"),
    ("11071670E", "CV0004", 4, 2, "", 0, "23/24"),
    ("81415721E", "CV0004", 2, 2, "", 0, "23/24");

-- SMX1A
INSERT INTO `persona` (`dni`, `nom`, `cognoms`, `telefon`, `data_naixement`, `correu_personal`, `correu_corporatiu`) VALUES
    ("48279581M", "Antonia", "Barrios", "+34 667 30 732", "1999-12-21", "abarrios@hotmail.com", "a.barrios@alu.edu.gva.es"),
    ("54031648W", "Manuel", "Morales", "+34 630 735 709", "1998-04-06", "mmorales@yahoo.com", "m.morales@alu.edu.gva.es"),
    ("49575723M", "Antonia", "Cuesta", "+34 637 440 82", "2000-05-07", "acuesta@gmail.com", "a.cuesta@alu.edu.gva.es"),
    ("26336906C", "María Del Carmen", "Román", "+34 679 897 624", "2002-10-21", "mdcromán@gmail.com", "mdc.román@alu.edu.gva.es"),
    ("19432866M", "Nil", "Aramburu", "+34 693 959 889", "2001-09-10", "naramburu@hotmail.com", "n.aramburu@alu.edu.gva.es"),
    ("74978264N", "Ona", "Almeida", "+34 697 908 279", "2003-09-18", "oalmeida@hotmail.com", "o.almeida@alu.edu.gva.es"),
    ("27606808T", "Carmen", "Bello", "+34 679 190 518", "2000-03-14", "cbello@yahoo.com", "c.bello@alu.edu.gva.es"),
    ("59066303A", "Joan", "Garrido", "+34 623 318 590", "1999-07-18", "jgarrido@gmail.com", "j.garrido@alu.edu.gva.es"),
    ("37633101H", "Josep", "Saavedra", "+34 60 475 449", "2001-03-28", "jsaavedra@hotmail.com", "j.saavedra@alu.edu.gva.es"),
    ("09460535Z", "Enzo", "Fuentes", "+34 621 30 820", "2001-10-25", "efuentes@yahoo.com", "e.fuentes@alu.edu.gva.es"),
    ("94310708J", "Carmen", "Poza", "+34 672 613 124", "2003-06-28", "cpoza@gmail.com", "c.poza@alu.edu.gva.es"),
    ("40800603Y", "Emma", "Roig", "+34 664 404 572", "1999-08-01", "eroig@hotmail.com", "e.roig@alu.edu.gva.es"),
    ("79498463K", "Paula", "Alemany", "+34 68 715 587", "1998-04-20", "palemany@hotmail.com", "p.alemany@alu.edu.gva.es"),
    ("97558217Z", "Jan", "Ángel", "+34 640 183 880", "1996-06-10", "jángel@hotmail.com", "j.ángel@alu.edu.gva.es"),
    ("56514503F", "Anna", "Sala", "+34 61 855 848", "2001-11-15", "asala@gmail.com", "a.sala@alu.edu.gva.es"),
    ("70138558N", "Laia", "Abella", "+34 613 98 582", "2002-12-16", "labella@gmail.com", "l.abella@alu.edu.gva.es"),
    ("86733453Q", "Arnau", "Osorio", "+34 630 239 87", "2000-02-28", "aosorio@hotmail.com", "a.osorio@alu.edu.gva.es"),
    ("14069658Y", "Sofía", "Bertrán", "+34 677 150 382", "2004-01-25", "sbertrán@yahoo.com", "s.bertrán@alu.edu.gva.es"),
    ("48610366G", "Leo", "Losada", "+34 68 163 837", "2002-05-07", "llosada@hotmail.com", "l.losada@alu.edu.gva.es"),
    ("45266546Q", "Emma", "Azcona", "+34 661 990 820", "2002-10-14", "eazcona@yahoo.com", "e.azcona@alu.edu.gva.es"),
    ("23220854P", "Laura", "Julián", "+34 637 243 315", "2004-06-30", "ljulián@hotmail.com", "l.julián@alu.edu.gva.es"),
    ("32164208L", "Aina", "Mora", "+34 614 708 584", "2000-02-17", "amora@hotmail.com", "a.mora@alu.edu.gva.es"),
    ("53185864C", "María Teresa", "Llanos", "+34 635 523 937", "2001-11-01", "mtllanos@gmail.com", "mt.llanos@alu.edu.gva.es"),
    ("61264413A", "Aina", "Barbero", "+34 633 199 672", "2000-07-21", "abarbero@gmail.com", "a.barbero@alu.edu.gva.es"),
    ("56668390R", "Carla", "Pazos", "+34 692 718 800", "2001-12-30", "cpazos@gmail.com", "c.pazos@alu.edu.gva.es");

INSERT INTO `estudiant` (`dni`, `nia`, `id_cicle`, `curs`, `lletra_grup`, `semipresencial`) VALUES
    ("48279581M", "82237117", 1, 1, "A", 0),
    ("54031648W", "97019104", 1, 1, "A", 0),
    ("49575723M", "51626375", 1, 1, "A", 0),
    ("26336906C", "74607625", 1, 1, "A", 0),
    ("19432866M", "26267634", 1, 1, "A", 0),
    ("74978264N", "98030593", 1, 1, "A", 0),
    ("27606808T", "65419581", 1, 1, "A", 0),
    ("59066303A", "62840862", 1, 1, "A", 0),
    ("37633101H", "17408378", 1, 1, "A", 0),
    ("09460535Z", "74289587", 1, 1, "A", 0),
    ("94310708J", "98683565", 1, 1, "A", 0),
    ("40800603Y", "52298333", 1, 1, "A", 0),
    ("79498463K", "51163005", 1, 1, "A", 0),
    ("97558217Z", "91202976", 1, 1, "A", 0),
    ("56514503F", "93477492", 1, 1, "A", 0),
    ("70138558N", "17313313", 1, 1, "A", 0),
    ("86733453Q", "22404672", 1, 1, "A", 0),
    ("14069658Y", "65399440", 1, 1, "A", 0),
    ("48610366G", "19593119", 1, 1, "A", 0),
    ("45266546Q", "33034712", 1, 1, "A", 0),
    ("23220854P", "53272287", 1, 1, "A", 0),
    ("32164208L", "87362812", 1, 1, "A", 0),
    ("53185864C", "11001795", 1, 1, "A", 0),
    ("61264413A", "88020793", 1, 1, "A", 0),
    ("56668390R", "36061902", 1, 1, "A", 0);

INSERT INTO `cursa` (`nia`, `id_modul`, `nota`, `curs_academic`) VALUES
    ("82237117", "0221", 8, "23/24"),
    ("82237117", "0222", 10, "23/24"),
    ("82237117", "0223", 9, "23/24"),
    ("82237117", "0225", 9, "23/24"),
    ("82237117", "0229", 8, "23/24"),
    ("82237117", "CV0001", 10, "23/24"),
    ("97019104", "0221", 9, "23/24"),
    ("97019104", "0222", 8, "23/24"),
    ("97019104", "0223", 10, "23/24"),
    ("97019104", "0225", 6, "23/24"),
    ("97019104", "0229", 9, "23/24"),
    ("97019104", "CV0001", 9, "23/24"),
    ("51626375", "0221", 10, "23/24"),
    ("51626375", "0222", 8, "23/24"),
    ("51626375", "0223", 10, "23/24"),
    ("51626375", "0225", 8, "23/24"),
    ("51626375", "0229", 8, "23/24"),
    ("51626375", "CV0001", 9, "23/24"),
    ("74607625", "0221", 8, "23/24"),
    ("74607625", "0222", 9, "23/24"),
    ("74607625", "0223", 10, "23/24"),
    ("74607625", "0225", 7, "23/24"),
    ("74607625", "0229", 9, "23/24"),
    ("74607625", "CV0001", 9, "23/24"),
    ("26267634", "0221", 8, "23/24"),
    ("26267634", "0222", 9, "23/24"),
    ("26267634", "0223", 9, "23/24"),
    ("26267634", "0225", 9, "23/24"),
    ("26267634", "0229", 9, "23/24"),
    ("26267634", "CV0001", 10, "23/24"),
    ("98030593", "0221", 7, "23/24"),
    ("98030593", "0222", 6, "23/24"),
    ("98030593", "0223", 10, "23/24"),
    ("98030593", "0225", 6, "23/24"),
    ("98030593", "0229", 7, "23/24"),
    ("98030593", "CV0001", 8, "23/24"),
    ("65419581", "0221", 10, "23/24"),
    ("65419581", "0222", 8, "23/24"),
    ("65419581", "0223", 8, "23/24"),
    ("65419581", "0225", 9, "23/24"),
    ("65419581", "0229", 7, "23/24"),
    ("65419581", "CV0001", 5, "23/24"),
    ("62840862", "0221", 10, "23/24"),
    ("62840862", "0222", 7, "23/24"),
    ("62840862", "0223", 7, "23/24"),
    ("62840862", "0225", 7, "23/24"),
    ("62840862", "0229", 7, "23/24"),
    ("62840862", "CV0001", 7, "23/24"),
    ("17408378", "0221", 7, "23/24"),
    ("17408378", "0222", 7, "23/24"),
    ("17408378", "0223", 8, "23/24"),
    ("17408378", "0225", 5, "23/24"),
    ("17408378", "0229", 9, "23/24"),
    ("17408378", "CV0001", 10, "23/24"),
    ("74289587", "0221", 8, "23/24"),
    ("74289587", "0222", 8, "23/24"),
    ("74289587", "0223", 8, "23/24"),
    ("74289587", "0225", 7, "23/24"),
    ("74289587", "0229", 7, "23/24"),
    ("74289587", "CV0001", 5, "23/24"),
    ("98683565", "0221", 6, "23/24"),
    ("98683565", "0222", 6, "23/24"),
    ("98683565", "0223", 9, "23/24"),
    ("98683565", "0225", 7, "23/24"),
    ("98683565", "0229", 7, "23/24"),
    ("98683565", "CV0001", 8, "23/24"),
    ("52298333", "0221", 9, "23/24"),
    ("52298333", "0222", 6, "23/24"),
    ("52298333", "0223", 8, "23/24"),
    ("52298333", "0225", 7, "23/24"),
    ("52298333", "0229", 7, "23/24"),
    ("52298333", "CV0001", 6, "23/24"),
    ("51163005", "0221", 9, "23/24"),
    ("51163005", "0222", 7, "23/24"),
    ("51163005", "0223", 7, "23/24"),
    ("51163005", "0225", 7, "23/24"),
    ("51163005", "0229", 8, "23/24"),
    ("51163005", "CV0001", 7, "23/24"),
    ("91202976", "0221", 8, "23/24"),
    ("91202976", "0222", 9, "23/24"),
    ("91202976", "0223", 8, "23/24"),
    ("91202976", "0225", 9, "23/24"),
    ("91202976", "0229", 6, "23/24"),
    ("91202976", "CV0001", 7, "23/24"),
    ("93477492", "0221", 7, "23/24"),
    ("93477492", "0222", 6, "23/24"),
    ("93477492", "0223", 9, "23/24"),
    ("93477492", "0225", 6, "23/24"),
    ("93477492", "0229", 6, "23/24"),
    ("93477492", "CV0001", 7, "23/24"),
    ("17313313", "0221", 4, "23/24"),
    ("17313313", "0222", 3, "23/24"),
    ("17313313", "0223", 5, "23/24"),
    ("17313313", "0225", 6, "23/24"),
    ("17313313", "0229", 6, "23/24"),
    ("17313313", "CV0001", 5, "23/24"),
    ("22404672", "0221", 4, "23/24"),
    ("22404672", "0222", 5, "23/24"),
    ("22404672", "0223", 6, "23/24"),
    ("22404672", "0225", 6, "23/24"),
    ("22404672", "0229", 3, "23/24"),
    ("22404672", "CV0001", 3, "23/24"),
    ("65399440", "0221", 4, "23/24"),
    ("65399440", "0222", 6, "23/24"),
    ("65399440", "0223", 6, "23/24"),
    ("65399440", "0225", 5, "23/24"),
    ("65399440", "0229", 3, "23/24"),
    ("65399440", "CV0001", 7, "23/24"),
    ("19593119", "0221", 5, "23/24"),
    ("19593119", "0222", 4, "23/24"),
    ("19593119", "0223", 3, "23/24"),
    ("19593119", "0225", 5, "23/24"),
    ("19593119", "0229", 6, "23/24"),
    ("19593119", "CV0001", 4, "23/24"),
    ("33034712", "0221", 4, "23/24"),
    ("33034712", "0222", 10, "23/24"),
    ("33034712", "0223", 3, "23/24"),
    ("33034712", "0225", 4, "23/24"),
    ("33034712", "0229", 5, "23/24"),
    ("33034712", "CV0001", 4, "23/24"),
    ("53272287", "0221", 3, "23/24"),
    ("53272287", "0222", 5, "23/24"),
    ("53272287", "0223", 1, "23/24"),
    ("53272287", "0225", 4, "23/24"),
    ("53272287", "0229", 6, "23/24"),
    ("53272287", "CV0001", 4, "23/24"),
    ("87362812", "0221", 6, "23/24"),
    ("87362812", "0222", 4, "23/24"),
    ("87362812", "0223", 5, "23/24"),
    ("87362812", "0225", 3, "23/24"),
    ("87362812", "0229", 5, "23/24"),
    ("87362812", "CV0001", 5, "23/24"),
    ("11001795", "0221", 8, "23/24"),
    ("11001795", "0222", 2, "23/24"),
    ("11001795", "0223", 0, "23/24"),
    ("11001795", "0225", 5, "23/24"),
    ("11001795", "0229", 4, "23/24"),
    ("11001795", "CV0001", 3, "23/24"),
    ("88020793", "0221", 0, "23/24"),
    ("88020793", "0222", 5, "23/24"),
    ("88020793", "0223", 4, "23/24"),
    ("88020793", "0225", 3, "23/24"),
    ("88020793", "0229", 1, "23/24"),
    ("88020793", "CV0001", 4, "23/24"),
    ("36061902", "0221", 6, "23/24"),
    ("36061902", "0222", 3, "23/24"),
    ("36061902", "0223", 4, "23/24"),
    ("36061902", "0225", 4, "23/24"),
    ("36061902", "0229", 3, "23/24"),
    ("36061902", "CV0001", 5, "23/24");

-- SMX1B
INSERT INTO `persona` (`dni`, `nom`, `cognoms`, `telefon`, `data_naixement`, `correu_personal`, `correu_corporatiu`) VALUES
    ("31194708S", "Ona", "Pavón", "+34 613 240 355", "2003-06-04", "opavón@hotmail.com", "o.pavón@alu.edu.gva.es"),
    ("54539618V", "Antonia", "Palmer", "+34 615 121 618", "1998-06-06", "apalmer@yahoo.com", "a.palmer@alu.edu.gva.es"),
    ("30794861T", "Júlia", "Pedrosa", "+34 68 94 221", "2000-05-10", "jpedrosa@gmail.com", "j.pedrosa@alu.edu.gva.es"),
    ("11022810Z", "Jana", "Pineda", "+34 618 10 646", "1999-11-26", "jpineda@yahoo.com", "j.pineda@alu.edu.gva.es"),
    ("20415767R", "Sofía", "Acero", "+34 637 280 530", "2003-08-07", "sacero@yahoo.com", "s.acero@alu.edu.gva.es"),
    ("61814899F", "Aleix", "Lozano", "+34 611 194 762", "2002-01-29", "alozano@gmail.com", "a.lozano@alu.edu.gva.es"),
    ("26630865Q", "Bruno", "Canals", "+34 694 541 75", "2001-12-15", "bcanals@hotmail.com", "b.canals@alu.edu.gva.es"),
    ("69113316H", "Pau", "Valle", "+34 632 177 110", "2001-06-14", "pvalle@yahoo.com", "p.valle@alu.edu.gva.es"),
    ("38840335M", "Martí", "Vicente", "+34 68 676 990", "2004-08-18", "mvicente@gmail.com", "m.vicente@alu.edu.gva.es"),
    ("91607960H", "Núria", "Huguet", "+34 686 536 305", "2000-08-28", "nhuguet@hotmail.com", "n.huguet@alu.edu.gva.es"),
    ("57024130T", "Joan", "Ripoll", "+34 649 670 25", "2000-01-02", "jripoll@gmail.com", "j.ripoll@alu.edu.gva.es"),
    ("76019131Z", "Dolores", "Prada", "+34 649 352 913", "2002-06-22", "dprada@hotmail.com", "d.prada@alu.edu.gva.es"),
    ("49927637L", "Èric", "Vázquez", "+34 686 973 42", "1998-06-25", "èvázquez@yahoo.com", "è.vázquez@alu.edu.gva.es"),
    ("32035709K", "Marta", "Andrés", "+34 631 460 90", "2001-10-02", "mandrés@yahoo.com", "m.andrés@alu.edu.gva.es"),
    ("71986981V", "Juan", "Toledo", "+34 690 554 353", "2002-06-15", "jtoledo@gmail.com", "j.toledo@alu.edu.gva.es"),
    ("57437937Z", "Laura", "Alvarado", "+34 661 742 717", "1999-10-02", "lalvarado@hotmail.com", "l.alvarado@alu.edu.gva.es"),
    ("16652999X", "Leo", "Figueras", "+34 64 810 906", "1997-06-05", "lfigueras@gmail.com", "l.figueras@alu.edu.gva.es"),
    ("58408559J", "Max", "Ayllón", "+34 613 738 519", "2002-12-22", "mayllón@gmail.com", "m.ayllón@alu.edu.gva.es"),
    ("92364805W", "Isabel", "Garay", "+34 671 936 168", "2000-01-05", "igaray@hotmail.com", "i.garay@alu.edu.gva.es"),
    ("31926202V", "Lucas", "Mendizábal", "+34 659 121 185", "2000-09-06", "lmendizábal@hotmail.com", "l.mendizábal@alu.edu.gva.es"),
    ("57758956E", "Javier", "Cerdán", "+34 671 319 939", "2000-03-07", "jcerdán@hotmail.com", "j.cerdán@alu.edu.gva.es"),
    ("18478721S", "Montserrat", "Bartolomé", "+34 616 431 138", "2002-07-11", "mbartolomé@hotmail.com", "m.bartolomé@alu.edu.gva.es"),
    ("97106044K", "Pau", "Angulo", "+34 624 317 185", "2000-07-06", "pangulo@hotmail.com", "p.angulo@alu.edu.gva.es"),
    ("35798599L", "Cristina", "Villar", "+34 693 389 240", "2001-06-06", "cvillar@hotmail.com", "c.villar@alu.edu.gva.es"),
    ("15794096L", "Josefa", "Lledó", "+34 647 558 251", "2000-11-16", "jlledó@yahoo.com", "j.lledó@alu.edu.gva.es");

INSERT INTO `estudiant` (`dni`, `nia`, `id_cicle`, `curs`, `lletra_grup`, `semipresencial`) VALUES
    ("31194708S", "16611638", 1, 1, "B", 0),
    ("54539618V", "36549183", 1, 1, "B", 0),
    ("30794861T", "18433830", 1, 1, "B", 0),
    ("11022810Z", "75116193", 1, 1, "B", 0),
    ("20415767R", "71974128", 1, 1, "B", 0),
    ("61814899F", "60912855", 1, 1, "B", 0),
    ("26630865Q", "23687805", 1, 1, "B", 0),
    ("69113316H", "86018860", 1, 1, "B", 0),
    ("38840335M", "86527708", 1, 1, "B", 0),
    ("91607960H", "98977554", 1, 1, "B", 0),
    ("57024130T", "55822430", 1, 1, "B", 0),
    ("76019131Z", "53017099", 1, 1, "B", 0),
    ("49927637L", "95225976", 1, 1, "B", 0),
    ("32035709K", "48492742", 1, 1, "B", 0),
    ("71986981V", "89070191", 1, 1, "B", 0),
    ("57437937Z", "20080479", 1, 1, "B", 0),
    ("16652999X", "52943988", 1, 1, "B", 0),
    ("58408559J", "30966688", 1, 1, "B", 0),
    ("92364805W", "10720132", 1, 1, "B", 0),
    ("31926202V", "69940707", 1, 1, "B", 0),
    ("57758956E", "12732202", 1, 1, "B", 0),
    ("18478721S", "60426781", 1, 1, "B", 0),
    ("97106044K", "77358597", 1, 1, "B", 0),
    ("35798599L", "96504061", 1, 1, "B", 0),
    ("15794096L", "40723250", 1, 1, "B", 0);

INSERT INTO `cursa` (`nia`, `id_modul`, `nota`, `curs_academic`) VALUES
    ("16611638", "0221", 10, "23/24"),
    ("16611638", "0222", 10, "23/24"),
    ("16611638", "0223", 9, "23/24"),
    ("16611638", "0225", 7, "23/24"),
    ("16611638", "0229", 8, "23/24"),
    ("16611638", "CV0001", 8, "23/24"),
    ("36549183", "0221", 9, "23/24"),
    ("36549183", "0222", 8, "23/24"),
    ("36549183", "0223", 9, "23/24"),
    ("36549183", "0225", 8, "23/24"),
    ("36549183", "0229", 10, "23/24"),
    ("36549183", "CV0001", 10, "23/24"),
    ("18433830", "0221", 8, "23/24"),
    ("18433830", "0222", 9, "23/24"),
    ("18433830", "0223", 8, "23/24"),
    ("18433830", "0225", 10, "23/24"),
    ("18433830", "0229", 9, "23/24"),
    ("18433830", "CV0001", 8, "23/24"),
    ("75116193", "0221", 8, "23/24"),
    ("75116193", "0222", 10, "23/24"),
    ("75116193", "0223", 9, "23/24"),
    ("75116193", "0225", 10, "23/24"),
    ("75116193", "0229", 9, "23/24"),
    ("75116193", "CV0001", 7, "23/24"),
    ("71974128", "0221", 9, "23/24"),
    ("71974128", "0222", 7, "23/24"),
    ("71974128", "0223", 10, "23/24"),
    ("71974128", "0225", 6, "23/24"),
    ("71974128", "0229", 7, "23/24"),
    ("71974128", "CV0001", 9, "23/24"),
    ("60912855", "0221", 8, "23/24"),
    ("60912855", "0222", 9, "23/24"),
    ("60912855", "0223", 7, "23/24"),
    ("60912855", "0225", 5, "23/24"),
    ("60912855", "0229", 7, "23/24"),
    ("60912855", "CV0001", 8, "23/24"),
    ("23687805", "0221", 6, "23/24"),
    ("23687805", "0222", 10, "23/24"),
    ("23687805", "0223", 9, "23/24"),
    ("23687805", "0225", 7, "23/24"),
    ("23687805", "0229", 5, "23/24"),
    ("23687805", "CV0001", 7, "23/24"),
    ("86018860", "0221", 8, "23/24"),
    ("86018860", "0222", 7, "23/24"),
    ("86018860", "0223", 8, "23/24"),
    ("86018860", "0225", 6, "23/24"),
    ("86018860", "0229", 8, "23/24"),
    ("86018860", "CV0001", 5, "23/24"),
    ("86527708", "0221", 5, "23/24"),
    ("86527708", "0222", 7, "23/24"),
    ("86527708", "0223", 7, "23/24"),
    ("86527708", "0225", 7, "23/24"),
    ("86527708", "0229", 8, "23/24"),
    ("86527708", "CV0001", 7, "23/24"),
    ("98977554", "0221", 9, "23/24"),
    ("98977554", "0222", 6, "23/24"),
    ("98977554", "0223", 9, "23/24"),
    ("98977554", "0225", 10, "23/24"),
    ("98977554", "0229", 8, "23/24"),
    ("98977554", "CV0001", 5, "23/24"),
    ("55822430", "0221", 9, "23/24"),
    ("55822430", "0222", 7, "23/24"),
    ("55822430", "0223", 7, "23/24"),
    ("55822430", "0225", 9, "23/24"),
    ("55822430", "0229", 5, "23/24"),
    ("55822430", "CV0001", 7, "23/24"),
    ("53017099", "0221", 7, "23/24"),
    ("53017099", "0222", 7, "23/24"),
    ("53017099", "0223", 6, "23/24"),
    ("53017099", "0225", 8, "23/24"),
    ("53017099", "0229", 6, "23/24"),
    ("53017099", "CV0001", 9, "23/24"),
    ("95225976", "0221", 5, "23/24"),
    ("95225976", "0222", 6, "23/24"),
    ("95225976", "0223", 7, "23/24"),
    ("95225976", "0225", 7, "23/24"),
    ("95225976", "0229", 5, "23/24"),
    ("95225976", "CV0001", 10, "23/24"),
    ("48492742", "0221", 6, "23/24"),
    ("48492742", "0222", 6, "23/24"),
    ("48492742", "0223", 8, "23/24"),
    ("48492742", "0225", 9, "23/24"),
    ("48492742", "0229", 6, "23/24"),
    ("48492742", "CV0001", 8, "23/24"),
    ("89070191", "0221", 6, "23/24"),
    ("89070191", "0222", 7, "23/24"),
    ("89070191", "0223", 5, "23/24"),
    ("89070191", "0225", 8, "23/24"),
    ("89070191", "0229", 10, "23/24"),
    ("89070191", "CV0001", 6, "23/24"),
    ("20080479", "0221", 4, "23/24"),
    ("20080479", "0222", 6, "23/24"),
    ("20080479", "0223", 5, "23/24"),
    ("20080479", "0225", 6, "23/24"),
    ("20080479", "0229", 6, "23/24"),
    ("20080479", "CV0001", 5, "23/24"),
    ("52943988", "0221", 10, "23/24"),
    ("52943988", "0222", 7, "23/24"),
    ("52943988", "0223", 7, "23/24"),
    ("52943988", "0225", 5, "23/24"),
    ("52943988", "0229", 6, "23/24"),
    ("52943988", "CV0001", 5, "23/24"),
    ("30966688", "0221", 5, "23/24"),
    ("30966688", "0222", 3, "23/24"),
    ("30966688", "0223", 7, "23/24"),
    ("30966688", "0225", 3, "23/24"),
    ("30966688", "0229", 5, "23/24"),
    ("30966688", "CV0001", 5, "23/24"),
    ("10720132", "0221", 6, "23/24"),
    ("10720132", "0222", 5, "23/24"),
    ("10720132", "0223", 3, "23/24"),
    ("10720132", "0225", 3, "23/24"),
    ("10720132", "0229", 8, "23/24"),
    ("10720132", "CV0001", 3, "23/24"),
    ("69940707", "0221", 5, "23/24"),
    ("69940707", "0222", 5, "23/24"),
    ("69940707", "0223", 6, "23/24"),
    ("69940707", "0225", 5, "23/24"),
    ("69940707", "0229", 7, "23/24"),
    ("69940707", "CV0001", 6, "23/24"),
    ("12732202", "0221", 2, "23/24"),
    ("12732202", "0222", 5, "23/24"),
    ("12732202", "0223", 5, "23/24"),
    ("12732202", "0225", 2, "23/24"),
    ("12732202", "0229", 4, "23/24"),
    ("12732202", "CV0001", 1, "23/24"),
    ("60426781", "0221", 6, "23/24"),
    ("60426781", "0222", 4, "23/24"),
    ("60426781", "0223", 4, "23/24"),
    ("60426781", "0225", 3, "23/24"),
    ("60426781", "0229", 4, "23/24"),
    ("60426781", "CV0001", 2, "23/24"),
    ("77358597", "0221", 3, "23/24"),
    ("77358597", "0222", 8, "23/24"),
    ("77358597", "0223", 3, "23/24"),
    ("77358597", "0225", 1, "23/24"),
    ("77358597", "0229", 7, "23/24"),
    ("77358597", "CV0001", 5, "23/24"),
    ("96504061", "0221", 5, "23/24"),
    ("96504061", "0222", 6, "23/24"),
    ("96504061", "0223", 2, "23/24"),
    ("96504061", "0225", 2, "23/24"),
    ("96504061", "0229", 6, "23/24"),
    ("96504061", "CV0001", 5, "23/24"),
    ("40723250", "0221", 6, "23/24"),
    ("40723250", "0222", 4, "23/24"),
    ("40723250", "0223", 5, "23/24"),
    ("40723250", "0225", 7, "23/24"),
    ("40723250", "0229", 3, "23/24"),
    ("40723250", "CV0001", 4, "23/24");

-- SMX2
INSERT INTO `persona` (`dni`, `nom`, `cognoms`, `telefon`, `data_naixement`, `correu_personal`, `correu_corporatiu`) VALUES
    ("49365149L", "Carlos", "Esparza", "+34 611 772 848", "2000-01-01", "cesparza@gmail.com", "c.esparza@alu.edu.gva.es"),
    ("68470233S", "Manuel", "Bolaños", "+34 659 462 392", "1996-03-19", "mbolaños@gmail.com", "m.bolaños@alu.edu.gva.es"),
    ("19512022H", "Anna", "Morell", "+34 686 387 634", "2000-05-05", "amorell@gmail.com", "a.morell@alu.edu.gva.es"),
    ("36186605S", "Clàudia", "Jiménez", "+34 624 325 528", "1998-10-29", "cjiménez@yahoo.com", "c.jiménez@alu.edu.gva.es"),
    ("49503629Q", "Jordi", "Huerta", "+34 667 418 702", "2001-11-22", "jhuerta@hotmail.com", "j.huerta@alu.edu.gva.es"),
    ("72516801D", "Ana", "Leon", "+34 619 442 171", "2001-12-31", "aleon@gmail.com", "a.leon@alu.edu.gva.es"),
    ("23944826D", "Anna", "Vicens", "+34 628 839 764", "2000-08-17", "avicens@hotmail.com", "a.vicens@alu.edu.gva.es"),
    ("37819043M", "Noa", "Almagro", "+34 653 758 690", "2003-10-07", "nalmagro@yahoo.com", "n.almagro@alu.edu.gva.es"),
    ("30251326R", "Carlos", "Rico", "+34 654 355 329", "2004-08-27", "crico@gmail.com", "c.rico@alu.edu.gva.es"),
    ("92331569R", "María Teresa", "Hurtado", "+34 647 634 545", "1999-04-11", "mthurtado@yahoo.com", "mt.hurtado@alu.edu.gva.es"),
    ("65516639N", "Antònia", "Abad", "+34 689 471 45", "2002-06-17", "aabad@gmail.com", "a.abad@alu.edu.gva.es"),
    ("58737848B", "Abril", "Flor", "+34 658 135 458", "2002-09-11", "aflor@gmail.com", "a.flor@alu.edu.gva.es"),
    ("95410270Z", "Montserrat", "Rosales", "+34 672 208 554", "2003-11-20", "mrosales@gmail.com", "m.rosales@alu.edu.gva.es"),
    ("42219487C", "Antonio", "Varela", "+34 666 269 855", "2000-02-12", "avarela@hotmail.com", "a.varela@alu.edu.gva.es"),
    ("37311400H", "Arnau", "Guerra", "+34 691 990 816", "2003-02-06", "aguerra@hotmail.com", "a.guerra@alu.edu.gva.es"),
    ("91976942B", "Montserrat", "Mora", "+34 621 820 573", "2002-02-17", "mmora@hotmail.com", "m.mora@alu.edu.gva.es"),
    ("44587192J", "Ana", "Pascual", "+34 647 413 733", "2002-02-21", "apascual@yahoo.com", "a.pascual@alu.edu.gva.es"),
    ("13290595E", "María Teresa", "Tapia", "+34 63 781 202", "2000-04-07", "mttapia@hotmail.com", "mt.tapia@alu.edu.gva.es"),
    ("59977870B", "Marta", "Manuel", "+34 672 819 983", "2002-12-14", "mmanuel@hotmail.com", "m.manuel@alu.edu.gva.es"),
    ("31888025C", "Juan", "Heredia", "+34 693 921 900", "2003-06-16", "jheredia@gmail.com", "j.heredia@alu.edu.gva.es"),
    ("49958504C", "Anna", "Polo", "+34 690 80 346", "1999-07-27", "apolo@yahoo.com", "a.polo@alu.edu.gva.es"),
    ("18851806V", "Biel", "Macias", "+34 662 512 389", "2003-07-05", "bmacias@yahoo.com", "b.macias@alu.edu.gva.es"),
    ("96299825K", "Arlet", "Rueda", "+34 676 166 63", "2001-04-02", "arueda@hotmail.com", "a.rueda@alu.edu.gva.es"),
    ("52545495V", "Arnau", "Báez", "+34 648 327 210", "1999-06-18", "abáez@gmail.com", "a.báez@alu.edu.gva.es"),
    ("46101581J", "María Dolores", "Lillo", "+34 636 335 430", "1999-12-25", "mdlillo@gmail.com", "md.lillo@alu.edu.gva.es");

INSERT INTO `estudiant` (`dni`, `nia`, `id_cicle`, `curs`, `lletra_grup`, `semipresencial`) VALUES
    ("49365149L", "23164278", 1, 2, "", 0),
    ("68470233S", "97428687", 1, 2, "", 0),
    ("19512022H", "36214064", 1, 2, "", 0),
    ("36186605S", "31821835", 1, 2, "", 0),
    ("49503629Q", "77012526", 1, 2, "", 0),
    ("72516801D", "93990565", 1, 2, "", 0),
    ("23944826D", "24699333", 1, 2, "", 0),
    ("37819043M", "48475131", 1, 2, "", 0),
    ("30251326R", "56474053", 1, 2, "", 0),
    ("92331569R", "95542592", 1, 2, "", 0),
    ("65516639N", "62230816", 1, 2, "", 0),
    ("58737848B", "62099325", 1, 2, "", 0),
    ("95410270Z", "33055389", 1, 2, "", 0),
    ("42219487C", "33520299", 1, 2, "", 0),
    ("37311400H", "32318037", 1, 2, "", 0),
    ("91976942B", "54412130", 1, 2, "", 0),
    ("44587192J", "61349761", 1, 2, "", 0),
    ("13290595E", "35629787", 1, 2, "", 0),
    ("59977870B", "41728235", 1, 2, "", 0),
    ("31888025C", "25744507", 1, 2, "", 0),
    ("49958504C", "63351740", 1, 2, "", 0),
    ("18851806V", "37905090", 1, 2, "", 0),
    ("96299825K", "48556521", 1, 2, "", 0),
    ("52545495V", "67495872", 1, 2, "", 0),
    ("46101581J", "29975690", 1, 2, "", 0);

INSERT INTO `cursa` (`nia`, `id_modul`, `nota`, `curs_academic`) VALUES
    ("23164278", "0221", 9, "22/23"),
    ("23164278", "0222", 10, "22/23"),
    ("23164278", "0223", 9, "22/23"),
    ("23164278", "0225", 9, "22/23"),
    ("23164278", "0229", 10, "22/23"),
    ("23164278", "CV0001", 10, "22/23"),
    ("97428687", "0221", 5, "22/23"),
    ("97428687", "0222", 9, "22/23"),
    ("97428687", "0223", 8, "22/23"),
    ("97428687", "0225", 8, "22/23"),
    ("97428687", "0229", 10, "22/23"),
    ("97428687", "CV0001", 10, "22/23"),
    ("36214064", "0221", 10, "22/23"),
    ("36214064", "0222", 9, "22/23"),
    ("36214064", "0223", 10, "22/23"),
    ("36214064", "0225", 9, "22/23"),
    ("36214064", "0229", 7, "22/23"),
    ("36214064", "CV0001", 9, "22/23"),
    ("31821835", "0221", 9, "22/23"),
    ("31821835", "0222", 10, "22/23"),
    ("31821835", "0223", 9, "22/23"),
    ("31821835", "0225", 8, "22/23"),
    ("31821835", "0229", 9, "22/23"),
    ("31821835", "CV0001", 8, "22/23"),
    ("77012526", "0221", 8, "22/23"),
    ("77012526", "0222", 9, "22/23"),
    ("77012526", "0223", 9, "22/23"),
    ("77012526", "0225", 8, "22/23"),
    ("77012526", "0229", 8, "22/23"),
    ("77012526", "CV0001", 9, "22/23"),
    ("93990565", "0221", 8, "22/23"),
    ("93990565", "0222", 7, "22/23"),
    ("93990565", "0223", 7, "22/23"),
    ("93990565", "0225", 10, "22/23"),
    ("93990565", "0229", 8, "22/23"),
    ("93990565", "CV0001", 8, "22/23"),
    ("24699333", "0221", 8, "22/23"),
    ("24699333", "0222", 9, "22/23"),
    ("24699333", "0223", 6, "22/23"),
    ("24699333", "0225", 9, "22/23"),
    ("24699333", "0229", 7, "22/23"),
    ("24699333", "CV0001", 8, "22/23"),
    ("48475131", "0221", 9, "22/23"),
    ("48475131", "0222", 10, "22/23"),
    ("48475131", "0223", 8, "22/23"),
    ("48475131", "0225", 8, "22/23"),
    ("48475131", "0229", 7, "22/23"),
    ("48475131", "CV0001", 8, "22/23"),
    ("56474053", "0221", 5, "22/23"),
    ("56474053", "0222", 9, "22/23"),
    ("56474053", "0223", 10, "22/23"),
    ("56474053", "0225", 6, "22/23"),
    ("56474053", "0229", 8, "22/23"),
    ("56474053", "CV0001", 9, "22/23"),
    ("95542592", "0221", 6, "22/23"),
    ("95542592", "0222", 7, "22/23"),
    ("95542592", "0223", 7, "22/23"),
    ("95542592", "0225", 8, "22/23"),
    ("95542592", "0229", 8, "22/23"),
    ("95542592", "CV0001", 8, "22/23"),
    ("62230816", "0221", 9, "22/23"),
    ("62230816", "0222", 6, "22/23"),
    ("62230816", "0223", 8, "22/23"),
    ("62230816", "0225", 7, "22/23"),
    ("62230816", "0229", 10, "22/23"),
    ("62230816", "CV0001", 5, "22/23"),
    ("62099325", "0221", 6, "22/23"),
    ("62099325", "0222", 7, "22/23"),
    ("62099325", "0223", 9, "22/23"),
    ("62099325", "0225", 10, "22/23"),
    ("62099325", "0229", 7, "22/23"),
    ("62099325", "CV0001", 6, "22/23"),
    ("33055389", "0221", 10, "22/23"),
    ("33055389", "0222", 7, "22/23"),
    ("33055389", "0223", 8, "22/23"),
    ("33055389", "0225", 7, "22/23"),
    ("33055389", "0229", 8, "22/23"),
    ("33055389", "CV0001", 9, "22/23"),
    ("33520299", "0221", 7, "22/23"),
    ("33520299", "0222", 10, "22/23"),
    ("33520299", "0223", 5, "22/23"),
    ("33520299", "0225", 9, "22/23"),
    ("33520299", "0229", 7, "22/23"),
    ("33520299", "CV0001", 9, "22/23"),
    ("32318037", "0221", 8, "22/23"),
    ("32318037", "0222", 8, "22/23"),
    ("32318037", "0223", 6, "22/23"),
    ("32318037", "0225", 8, "22/23"),
    ("32318037", "0229", 7, "22/23"),
    ("32318037", "CV0001", 6, "22/23"),
    ("54412130", "0221", 5, "22/23"),
    ("54412130", "0222", 5, "22/23"),
    ("54412130", "0223", 7, "22/23"),
    ("54412130", "0225", 6, "22/23"),
    ("54412130", "0229", 3, "22/23"),
    ("54412130", "CV0001", 3, "22/23"),
    ("61349761", "0221", 7, "22/23"),
    ("61349761", "0222", 3, "22/23"),
    ("61349761", "0223", 7, "22/23"),
    ("61349761", "0225", 5, "22/23"),
    ("61349761", "0229", 3, "22/23"),
    ("61349761", "CV0001", 10, "22/23"),
    ("35629787", "0221", 3, "22/23"),
    ("35629787", "0222", 6, "22/23"),
    ("35629787", "0223", 3, "22/23"),
    ("35629787", "0225", 6, "22/23"),
    ("35629787", "0229", 5, "22/23"),
    ("35629787", "CV0001", 5, "22/23"),
    ("41728235", "0221", 3, "22/23"),
    ("41728235", "0222", 4, "22/23"),
    ("41728235", "0223", 9, "22/23"),
    ("41728235", "0225", 9, "22/23"),
    ("41728235", "0229", 5, "22/23"),
    ("41728235", "CV0001", 4, "22/23"),
    ("25744507", "0221", 3, "22/23"),
    ("25744507", "0222", 5, "22/23"),
    ("25744507", "0223", 3, "22/23"),
    ("25744507", "0225", 5, "22/23"),
    ("25744507", "0229", 9, "22/23"),
    ("25744507", "CV0001", 4, "22/23"),
    ("63351740", "0221", 8, "22/23"),
    ("63351740", "0222", 7, "22/23"),
    ("63351740", "0223", 4, "22/23"),
    ("63351740", "0225", 4, "22/23"),
    ("63351740", "0229", 3, "22/23"),
    ("63351740", "CV0001", 1, "22/23"),
    ("37905090", "0221", 2, "22/23"),
    ("37905090", "0222", 4, "22/23"),
    ("37905090", "0223", 6, "22/23"),
    ("37905090", "0225", 7, "22/23"),
    ("37905090", "0229", 2, "22/23"),
    ("37905090", "CV0001", 5, "22/23"),
    ("48556521", "0221", 1, "22/23"),
    ("48556521", "0222", 4, "22/23"),
    ("48556521", "0223", 2, "22/23"),
    ("48556521", "0225", 2, "22/23"),
    ("48556521", "0229", 7, "22/23"),
    ("48556521", "CV0001", 5, "22/23"),
    ("67495872", "0221", 7, "22/23"),
    ("67495872", "0222", 8, "22/23"),
    ("67495872", "0223", 4, "22/23"),
    ("67495872", "0225", 6, "22/23"),
    ("67495872", "0229", 6, "22/23"),
    ("67495872", "CV0001", 7, "22/23"),
    ("29975690", "0221", 4, "22/23"),
    ("29975690", "0222", 7, "22/23"),
    ("29975690", "0223", 2, "22/23"),
    ("29975690", "0225", 6, "22/23"),
    ("29975690", "0229", 2, "22/23"),
    ("29975690", "CV0001", 4, "22/23");

INSERT INTO `cursa` (`nia`, `id_modul`, `nota`, `curs_academic`) VALUES
    ("23164278", "0224", 10, "23/24"),
    ("23164278", "0226", 10, "23/24"),
    ("23164278", "0227", 9, "23/24"),
    ("23164278", "0228", 10, "23/24"),
    ("23164278", "0230", 9, "23/24"),
    ("23164278", "0231", 8, "23/24"),
    ("23164278", "CV0002", 9, "23/24"),
    ("97428687", "0224", 9, "23/24"),
    ("97428687", "0226", 8, "23/24"),
    ("97428687", "0227", 8, "23/24"),
    ("97428687", "0228", 8, "23/24"),
    ("97428687", "0230", 7, "23/24"),
    ("97428687", "0231", 9, "23/24"),
    ("97428687", "CV0002", 9, "23/24"),
    ("36214064", "0224", 9, "23/24"),
    ("36214064", "0226", 10, "23/24"),
    ("36214064", "0227", 9, "23/24"),
    ("36214064", "0228", 10, "23/24"),
    ("36214064", "0230", 9, "23/24"),
    ("36214064", "0231", 9, "23/24"),
    ("36214064", "CV0002", 9, "23/24"),
    ("31821835", "0224", 10, "23/24"),
    ("31821835", "0226", 9, "23/24"),
    ("31821835", "0227", 10, "23/24"),
    ("31821835", "0228", 9, "23/24"),
    ("31821835", "0230", 10, "23/24"),
    ("31821835", "0231", 10, "23/24"),
    ("31821835", "CV0002", 10, "23/24"),
    ("77012526", "0224", 9, "23/24"),
    ("77012526", "0226", 9, "23/24"),
    ("77012526", "0227", 7, "23/24"),
    ("77012526", "0228", 10, "23/24"),
    ("77012526", "0230", 9, "23/24"),
    ("77012526", "0231", 9, "23/24"),
    ("77012526", "CV0002", 10, "23/24"),
    ("93990565", "0224", 8, "23/24"),
    ("93990565", "0226", 7, "23/24"),
    ("93990565", "0227", 7, "23/24"),
    ("93990565", "0228", 9, "23/24"),
    ("93990565", "0230", 8, "23/24"),
    ("93990565", "0231", 8, "23/24"),
    ("93990565", "CV0002", 9, "23/24"),
    ("24699333", "0224", 9, "23/24"),
    ("24699333", "0226", 6, "23/24"),
    ("24699333", "0227", 8, "23/24"),
    ("24699333", "0228", 10, "23/24"),
    ("24699333", "0230", 6, "23/24"),
    ("24699333", "0231", 9, "23/24"),
    ("24699333", "CV0002", 6, "23/24"),
    ("48475131", "0224", 8, "23/24"),
    ("48475131", "0226", 5, "23/24"),
    ("48475131", "0227", 8, "23/24"),
    ("48475131", "0228", 8, "23/24"),
    ("48475131", "0230", 7, "23/24"),
    ("48475131", "0231", 10, "23/24"),
    ("48475131", "CV0002", 7, "23/24"),
    ("56474053", "0224", 6, "23/24"),
    ("56474053", "0226", 7, "23/24"),
    ("56474053", "0227", 5, "23/24"),
    ("56474053", "0228", 8, "23/24"),
    ("56474053", "0230", 7, "23/24"),
    ("56474053", "0231", 8, "23/24"),
    ("56474053", "CV0002", 6, "23/24"),
    ("95542592", "0224", 5, "23/24"),
    ("95542592", "0226", 6, "23/24"),
    ("95542592", "0227", 9, "23/24"),
    ("95542592", "0228", 9, "23/24"),
    ("95542592", "0230", 8, "23/24"),
    ("95542592", "0231", 8, "23/24"),
    ("95542592", "CV0002", 8, "23/24"),
    ("62230816", "0224", 10, "23/24"),
    ("62230816", "0226", 10, "23/24"),
    ("62230816", "0227", 9, "23/24"),
    ("62230816", "0228", 8, "23/24"),
    ("62230816", "0230", 7, "23/24"),
    ("62230816", "0231", 9, "23/24"),
    ("62230816", "CV0002", 9, "23/24"),
    ("62099325", "0224", 6, "23/24"),
    ("62099325", "0226", 8, "23/24"),
    ("62099325", "0227", 6, "23/24"),
    ("62099325", "0228", 6, "23/24"),
    ("62099325", "0230", 6, "23/24"),
    ("62099325", "0231", 7, "23/24"),
    ("62099325", "CV0002", 6, "23/24"),
    ("33055389", "0224", 7, "23/24"),
    ("33055389", "0226", 7, "23/24"),
    ("33055389", "0227", 9, "23/24"),
    ("33055389", "0228", 9, "23/24"),
    ("33055389", "0230", 6, "23/24"),
    ("33055389", "0231", 10, "23/24"),
    ("33055389", "CV0002", 8, "23/24"),
    ("33520299", "0224", 9, "23/24"),
    ("33520299", "0226", 7, "23/24"),
    ("33520299", "0227", 5, "23/24"),
    ("33520299", "0228", 6, "23/24"),
    ("33520299", "0230", 5, "23/24"),
    ("33520299", "0231", 6, "23/24"),
    ("33520299", "CV0002", 6, "23/24"),
    ("32318037", "0224", 7, "23/24"),
    ("32318037", "0226", 8, "23/24"),
    ("32318037", "0227", 8, "23/24"),
    ("32318037", "0228", 8, "23/24"),
    ("32318037", "0230", 9, "23/24"),
    ("32318037", "0231", 7, "23/24"),
    ("32318037", "CV0002", 9, "23/24"),
    ("54412130", "0224", 7, "23/24"),
    ("54412130", "0226", 7, "23/24"),
    ("54412130", "0227", 4, "23/24"),
    ("54412130", "0228", 6, "23/24"),
    ("54412130", "0230", 5, "23/24"),
    ("54412130", "0231", 4, "23/24"),
    ("54412130", "CV0002", 5, "23/24"),
    ("61349761", "0224", 5, "23/24"),
    ("61349761", "0226", 3, "23/24"),
    ("61349761", "0227", 6, "23/24"),
    ("61349761", "0228", 4, "23/24"),
    ("61349761", "0230", 3, "23/24"),
    ("61349761", "0231", 5, "23/24"),
    ("61349761", "CV0002", 5, "23/24"),
    ("35629787", "0224", 8, "23/24"),
    ("35629787", "0226", 4, "23/24"),
    ("35629787", "0227", 4, "23/24"),
    ("35629787", "0228", 6, "23/24"),
    ("35629787", "0230", 5, "23/24"),
    ("35629787", "0231", 8, "23/24"),
    ("35629787", "CV0002", 4, "23/24"),
    ("41728235", "0224", 6, "23/24"),
    ("41728235", "0226", 5, "23/24"),
    ("41728235", "0227", 7, "23/24"),
    ("41728235", "0228", 6, "23/24"),
    ("41728235", "0230", 4, "23/24"),
    ("41728235", "0231", 4, "23/24"),
    ("41728235", "CV0002", 3, "23/24"),
    ("25744507", "0224", 4, "23/24"),
    ("25744507", "0226", 5, "23/24"),
    ("25744507", "0227", 8, "23/24"),
    ("25744507", "0228", 5, "23/24"),
    ("25744507", "0230", 10, "23/24"),
    ("25744507", "0231", 6, "23/24"),
    ("25744507", "CV0002", 4, "23/24"),
    ("63351740", "0224", 10, "23/24"),
    ("63351740", "0226", 5, "23/24"),
    ("63351740", "0227", 5, "23/24"),
    ("63351740", "0228", 5, "23/24"),
    ("63351740", "0230", 3, "23/24"),
    ("63351740", "0231", 2, "23/24"),
    ("63351740", "CV0002", 9, "23/24"),
    ("37905090", "0224", 4, "23/24"),
    ("37905090", "0226", 4, "23/24"),
    ("37905090", "0227", 0, "23/24"),
    ("37905090", "0228", 3, "23/24"),
    ("37905090", "0230", 3, "23/24"),
    ("37905090", "0231", 2, "23/24"),
    ("37905090", "CV0002", 6, "23/24"),
    ("48556521", "0224", 3, "23/24"),
    ("48556521", "0226", 5, "23/24"),
    ("48556521", "0227", 2, "23/24"),
    ("48556521", "0228", 2, "23/24"),
    ("48556521", "0230", 4, "23/24"),
    ("48556521", "0231", 5, "23/24"),
    ("48556521", "CV0002", 0, "23/24"),
    ("67495872", "0224", 4, "23/24"),
    ("67495872", "0226", 8, "23/24"),
    ("67495872", "0227", 3, "23/24"),
    ("67495872", "0228", 3, "23/24"),
    ("67495872", "0230", 5, "23/24"),
    ("67495872", "0231", 6, "23/24"),
    ("67495872", "CV0002", 4, "23/24"),
    ("29975690", "0224", 5, "23/24"),
    ("29975690", "0226", 0, "23/24"),
    ("29975690", "0227", 5, "23/24"),
    ("29975690", "0228", 3, "23/24"),
    ("29975690", "0230", 5, "23/24"),
    ("29975690", "0231", 3, "23/24"),
    ("29975690", "CV0002", 8, "23/24");

-- ASIX1
INSERT INTO `persona` (`dni`, `nom`, `cognoms`, `telefon`, `data_naixement`, `correu_personal`, `correu_corporatiu`) VALUES
    ("28407690E", "Joan", "Fábregas", "+34 624 233 940", "1996-01-30", "jfábregas@gmail.com", "j.fábregas@alu.edu.gva.es"),
    ("45274181S", "Dolores", "Muro", "+34 670 412 146", "1998-09-10", "dmuro@hotmail.com", "d.muro@alu.edu.gva.es"),
    ("07382694Q", "Lucas", "Alemán", "+34 694 652 726", "1997-11-28", "lalemán@gmail.com", "l.alemán@alu.edu.gva.es"),
    ("81994632T", "Arlet", "Pons", "+34 65 385 461", "2000-09-23", "apons@hotmail.com", "a.pons@alu.edu.gva.es"),
    ("76718444N", "Nil", "Salinas", "+34 639 365 334", "2001-12-14", "nsalinas@gmail.com", "n.salinas@alu.edu.gva.es"),
    ("99183139D", "Antonia", "Torrijos", "+34 686 133 365", "1999-11-12", "atorrijos@gmail.com", "a.torrijos@alu.edu.gva.es"),
    ("14514060W", "Sara", "Tovar", "+34 615 687 725", "2005-11-04", "stovar@yahoo.com", "s.tovar@alu.edu.gva.es"),
    ("49299679F", "Dolores", "Calderón", "+34 648 327 132", "1995-05-09", "dcalderón@gmail.com", "d.calderón@alu.edu.gva.es"),
    ("68778715K", "Valèria", "Molins", "+34 638 979 354", "2000-12-07", "vmolins@gmail.com", "v.molins@alu.edu.gva.es"),
    ("62824090G", "Abril", "Rey", "+34 633 531 429", "2002-01-04", "arey@yahoo.com", "a.rey@alu.edu.gva.es"),
    ("50380169A", "Júlia", "Arrieta", "+34 618 80 956", "1998-07-27", "jarrieta@hotmail.com", "j.arrieta@alu.edu.gva.es"),
    ("31706976G", "Valèria", "Salinas", "+34 674 200 279", "2002-07-25", "vsalinas@hotmail.com", "v.salinas@alu.edu.gva.es"),
    ("73474372K", "Rosa", "Paredes", "+34 687 733 309", "1998-08-27", "rparedes@yahoo.com", "r.paredes@alu.edu.gva.es"),
    ("26913889W", "Jorge", "Pons", "+34 626 802 282", "2000-05-10", "jpons@hotmail.com", "j.pons@alu.edu.gva.es"),
    ("53832705D", "María Del Carmen", "Campillo", "+34 69 752 46", "2002-10-23", "mdccampillo@gmail.com", "mdc.campillo@alu.edu.gva.es"),
    ("55897204M", "Clàudia", "Herrero", "+34 630 927 460", "2003-10-30", "cherrero@yahoo.com", "c.herrero@alu.edu.gva.es"),
    ("75270070V", "Jorge", "Mariño", "+34 648 265 683", "2001-04-30", "jmariño@hotmail.com", "j.mariño@alu.edu.gva.es"),
    ("70472754H", "Martí", "España", "+34 636 391 427", "2004-08-22", "mespaña@gmail.com", "m.españa@alu.edu.gva.es"),
    ("29212245Z", "Carmen", "Vicens", "+34 69 467 546", "2001-11-05", "cvicens@yahoo.com", "c.vicens@alu.edu.gva.es"),
    ("10491363M", "Hugo", "Arellano", "+34 645 941 900", "1999-05-26", "harellano@hotmail.com", "h.arellano@alu.edu.gva.es"),
    ("27251411E", "Aina", "Bolaños", "+34 66 325 211", "1999-07-15", "abolaños@hotmail.com", "a.bolaños@alu.edu.gva.es"),
    ("48842351B", "Núria", "Jover", "+34 679 19 300", "2000-12-10", "njover@hotmail.com", "n.jover@alu.edu.gva.es"),
    ("95950835X", "Albert", "Casal", "+34 656 486 241", "2004-04-26", "acasal@yahoo.com", "a.casal@alu.edu.gva.es"),
    ("57295877W", "Josep", "Salcedo", "+34 687 814 288", "2002-01-11", "jsalcedo@gmail.com", "j.salcedo@alu.edu.gva.es"),
    ("79790427T", "Marc", "Cañas", "+34 626 289 798", "2001-05-20", "mcañas@hotmail.com", "m.cañas@alu.edu.gva.es");

INSERT INTO `estudiant` (`dni`, `nia`, `id_cicle`, `curs`, `lletra_grup`, `semipresencial`) VALUES
    ("28407690E", "57096888", 2, 1, "", 0),
    ("45274181S", "74420830", 2, 1, "", 0),
    ("07382694Q", "95768369", 2, 1, "", 0),
    ("81994632T", "37481786", 2, 1, "", 0),
    ("76718444N", "30476456", 2, 1, "", 0),
    ("99183139D", "10975073", 2, 1, "", 0),
    ("14514060W", "87998070", 2, 1, "", 0),
    ("49299679F", "45614765", 2, 1, "", 0),
    ("68778715K", "76979833", 2, 1, "", 0),
    ("62824090G", "44774904", 2, 1, "", 0),
    ("50380169A", "27910886", 2, 1, "", 0),
    ("31706976G", "21559409", 2, 1, "", 0),
    ("73474372K", "90632096", 2, 1, "", 0),
    ("26913889W", "61007828", 2, 1, "", 0),
    ("53832705D", "11388513", 2, 1, "", 0),
    ("55897204M", "63387631", 2, 1, "", 0),
    ("75270070V", "84413878", 2, 1, "", 0),
    ("70472754H", "78665878", 2, 1, "", 0),
    ("29212245Z", "57226072", 2, 1, "", 0),
    ("10491363M", "36200759", 2, 1, "", 0),
    ("27251411E", "54568035", 2, 1, "", 0),
    ("48842351B", "62640281", 2, 1, "", 0),
    ("95950835X", "50089989", 2, 1, "", 0),
    ("57295877W", "58376297", 2, 1, "", 0),
    ("79790427T", "41921444", 2, 1, "", 0);

INSERT INTO `cursa` (`nia`, `id_modul`, `nota`, `curs_academic`) VALUES
    ("57096888", "0369", 9, "23/24"),
    ("57096888", "0370", 8, "23/24"),
    ("57096888", "0371", 10, "23/24"),
    ("57096888", "0372", 10, "23/24"),
    ("57096888", "0373", 9, "23/24"),
    ("57096888", "0380", 10, "23/24"),
    ("57096888", "CV0003", 10, "23/24"),
    ("74420830", "0369", 10, "23/24"),
    ("74420830", "0370", 8, "23/24"),
    ("74420830", "0371", 9, "23/24"),
    ("74420830", "0372", 9, "23/24"),
    ("74420830", "0373", 9, "23/24"),
    ("74420830", "0380", 7, "23/24"),
    ("74420830", "CV0003", 7, "23/24"),
    ("95768369", "0369", 8, "23/24"),
    ("95768369", "0370", 9, "23/24"),
    ("95768369", "0371", 9, "23/24"),
    ("95768369", "0372", 10, "23/24"),
    ("95768369", "0373", 10, "23/24"),
    ("95768369", "0380", 10, "23/24"),
    ("95768369", "CV0003", 9, "23/24"),
    ("37481786", "0369", 9, "23/24"),
    ("37481786", "0370", 9, "23/24"),
    ("37481786", "0371", 9, "23/24"),
    ("37481786", "0372", 8, "23/24"),
    ("37481786", "0373", 9, "23/24"),
    ("37481786", "0380", 9, "23/24"),
    ("37481786", "CV0003", 10, "23/24"),
    ("30476456", "0369", 9, "23/24"),
    ("30476456", "0370", 10, "23/24"),
    ("30476456", "0371", 10, "23/24"),
    ("30476456", "0372", 9, "23/24"),
    ("30476456", "0373", 8, "23/24"),
    ("30476456", "0380", 9, "23/24"),
    ("30476456", "CV0003", 6, "23/24"),
    ("10975073", "0369", 10, "23/24"),
    ("10975073", "0370", 7, "23/24"),
    ("10975073", "0371", 7, "23/24"),
    ("10975073", "0372", 7, "23/24"),
    ("10975073", "0373", 8, "23/24"),
    ("10975073", "0380", 5, "23/24"),
    ("10975073", "CV0003", 7, "23/24"),
    ("87998070", "0369", 7, "23/24"),
    ("87998070", "0370", 8, "23/24"),
    ("87998070", "0371", 10, "23/24"),
    ("87998070", "0372", 7, "23/24"),
    ("87998070", "0373", 6, "23/24"),
    ("87998070", "0380", 10, "23/24"),
    ("87998070", "CV0003", 7, "23/24"),
    ("45614765", "0369", 7, "23/24"),
    ("45614765", "0370", 8, "23/24"),
    ("45614765", "0371", 7, "23/24"),
    ("45614765", "0372", 5, "23/24"),
    ("45614765", "0373", 7, "23/24"),
    ("45614765", "0380", 8, "23/24"),
    ("45614765", "CV0003", 5, "23/24"),
    ("76979833", "0369", 5, "23/24"),
    ("76979833", "0370", 7, "23/24"),
    ("76979833", "0371", 9, "23/24"),
    ("76979833", "0372", 8, "23/24"),
    ("76979833", "0373", 8, "23/24"),
    ("76979833", "0380", 8, "23/24"),
    ("76979833", "CV0003", 6, "23/24"),
    ("44774904", "0369", 10, "23/24"),
    ("44774904", "0370", 9, "23/24"),
    ("44774904", "0371", 7, "23/24"),
    ("44774904", "0372", 7, "23/24"),
    ("44774904", "0373", 9, "23/24"),
    ("44774904", "0380", 7, "23/24"),
    ("44774904", "CV0003", 5, "23/24"),
    ("27910886", "0369", 8, "23/24"),
    ("27910886", "0370", 8, "23/24"),
    ("27910886", "0371", 8, "23/24"),
    ("27910886", "0372", 10, "23/24"),
    ("27910886", "0373", 10, "23/24"),
    ("27910886", "0380", 8, "23/24"),
    ("27910886", "CV0003", 7, "23/24"),
    ("21559409", "0369", 6, "23/24"),
    ("21559409", "0370", 7, "23/24"),
    ("21559409", "0371", 9, "23/24"),
    ("21559409", "0372", 6, "23/24"),
    ("21559409", "0373", 8, "23/24"),
    ("21559409", "0380", 8, "23/24"),
    ("21559409", "CV0003", 10, "23/24"),
    ("90632096", "0369", 10, "23/24"),
    ("90632096", "0370", 8, "23/24"),
    ("90632096", "0371", 6, "23/24"),
    ("90632096", "0372", 5, "23/24"),
    ("90632096", "0373", 10, "23/24"),
    ("90632096", "0380", 8, "23/24"),
    ("90632096", "CV0003", 9, "23/24"),
    ("61007828", "0369", 8, "23/24"),
    ("61007828", "0370", 8, "23/24"),
    ("61007828", "0371", 9, "23/24"),
    ("61007828", "0372", 7, "23/24"),
    ("61007828", "0373", 5, "23/24"),
    ("61007828", "0380", 8, "23/24"),
    ("61007828", "CV0003", 9, "23/24"),
    ("11388513", "0369", 8, "23/24"),
    ("11388513", "0370", 7, "23/24"),
    ("11388513", "0371", 8, "23/24"),
    ("11388513", "0372", 7, "23/24"),
    ("11388513", "0373", 5, "23/24"),
    ("11388513", "0380", 9, "23/24"),
    ("11388513", "CV0003", 8, "23/24"),
    ("63387631", "0369", 3, "23/24"),
    ("63387631", "0370", 3, "23/24"),
    ("63387631", "0371", 6, "23/24"),
    ("63387631", "0372", 5, "23/24"),
    ("63387631", "0373", 4, "23/24"),
    ("63387631", "0380", 7, "23/24"),
    ("63387631", "CV0003", 3, "23/24"),
    ("84413878", "0369", 6, "23/24"),
    ("84413878", "0370", 7, "23/24"),
    ("84413878", "0371", 4, "23/24"),
    ("84413878", "0372", 3, "23/24"),
    ("84413878", "0373", 7, "23/24"),
    ("84413878", "0380", 7, "23/24"),
    ("84413878", "CV0003", 3, "23/24"),
    ("78665878", "0369", 6, "23/24"),
    ("78665878", "0370", 5, "23/24"),
    ("78665878", "0371", 6, "23/24"),
    ("78665878", "0372", 6, "23/24"),
    ("78665878", "0373", 6, "23/24"),
    ("78665878", "0380", 5, "23/24"),
    ("78665878", "CV0003", 4, "23/24"),
    ("57226072", "0369", 6, "23/24"),
    ("57226072", "0370", 5, "23/24"),
    ("57226072", "0371", 3, "23/24"),
    ("57226072", "0372", 4, "23/24"),
    ("57226072", "0373", 3, "23/24"),
    ("57226072", "0380", 9, "23/24"),
    ("57226072", "CV0003", 7, "23/24"),
    ("36200759", "0369", 7, "23/24"),
    ("36200759", "0370", 4, "23/24"),
    ("36200759", "0371", 4, "23/24"),
    ("36200759", "0372", 4, "23/24"),
    ("36200759", "0373", 6, "23/24"),
    ("36200759", "0380", 3, "23/24"),
    ("36200759", "CV0003", 4, "23/24"),
    ("54568035", "0369", 5, "23/24"),
    ("54568035", "0370", 6, "23/24"),
    ("54568035", "0371", 2, "23/24"),
    ("54568035", "0372", 3, "23/24"),
    ("54568035", "0373", 2, "23/24"),
    ("54568035", "0380", 6, "23/24"),
    ("54568035", "CV0003", 7, "23/24"),
    ("62640281", "0369", 2, "23/24"),
    ("62640281", "0370", 5, "23/24"),
    ("62640281", "0371", 4, "23/24"),
    ("62640281", "0372", 6, "23/24"),
    ("62640281", "0373", 3, "23/24"),
    ("62640281", "0380", 5, "23/24"),
    ("62640281", "CV0003", 2, "23/24"),
    ("50089989", "0369", 6, "23/24"),
    ("50089989", "0370", 4, "23/24"),
    ("50089989", "0371", 3, "23/24"),
    ("50089989", "0372", 7, "23/24"),
    ("50089989", "0373", 3, "23/24"),
    ("50089989", "0380", 5, "23/24"),
    ("50089989", "CV0003", 2, "23/24"),
    ("58376297", "0369", 4, "23/24"),
    ("58376297", "0370", 5, "23/24"),
    ("58376297", "0371", 1, "23/24"),
    ("58376297", "0372", 6, "23/24"),
    ("58376297", "0373", 2, "23/24"),
    ("58376297", "0380", 8, "23/24"),
    ("58376297", "CV0003", 2, "23/24"),
    ("41921444", "0369", 0, "23/24"),
    ("41921444", "0370", 4, "23/24"),
    ("41921444", "0371", 2, "23/24"),
    ("41921444", "0372", 2, "23/24"),
    ("41921444", "0373", 3, "23/24"),
    ("41921444", "0380", 2, "23/24"),
    ("41921444", "CV0003", 4, "23/24");

-- ASIX2
INSERT INTO `persona` (`dni`, `nom`, `cognoms`, `telefon`, `data_naixement`, `correu_personal`, `correu_corporatiu`) VALUES
    ("67599262P", "Noa", "Vilalta", "+34 688 110 469", "2005-06-09", "nvilalta@hotmail.com", "n.vilalta@alu.edu.gva.es"),
    ("94197901K", "Enzo", "Gelabert", "+34 695 977 8", "1998-08-24", "egelabert@gmail.com", "e.gelabert@alu.edu.gva.es"),
    ("34764603B", "Èric", "Losada", "+34 627 513 323", "1997-09-25", "èlosada@yahoo.com", "è.losada@alu.edu.gva.es"),
    ("85618548J", "Josep", "Peinado", "+34 616 483 111", "2003-03-25", "jpeinado@gmail.com", "j.peinado@alu.edu.gva.es"),
    ("67243552Q", "Albert", "Aguirre", "+34 620 613 43", "2000-12-18", "aaguirre@gmail.com", "a.aguirre@alu.edu.gva.es"),
    ("09367179S", "Antonia", "Landa", "+34 626 404 122", "2002-12-14", "alanda@gmail.com", "a.landa@alu.edu.gva.es"),
    ("62934115C", "Carmen", "Nebot", "+34 659 903 795", "1998-09-22", "cnebot@hotmail.com", "c.nebot@alu.edu.gva.es"),
    ("75179149S", "Sílvia", "Anaya", "+34 652 221 2", "2001-01-20", "sanaya@gmail.com", "s.anaya@alu.edu.gva.es"),
    ("37361057H", "Ona", "Arteaga", "+34 638 866 18", "2003-01-02", "oarteaga@gmail.com", "o.arteaga@alu.edu.gva.es"),
    ("23739356K", "Montserrat", "Parra", "+34 641 408 478", "2002-08-07", "mparra@yahoo.com", "m.parra@alu.edu.gva.es"),
    ("06875813D", "Abril", "Cortina", "+34 662 249 900", "2005-07-18", "acortina@yahoo.com", "a.cortina@alu.edu.gva.es"),
    ("05500933T", "Hugo", "Mateo", "+34 691 438 901", "2006-02-01", "hmateo@gmail.com", "h.mateo@alu.edu.gva.es"),
    ("60057431S", "Isabel", "Pedro", "+34 633 34 345", "2001-03-02", "ipedro@gmail.com", "i.pedro@alu.edu.gva.es"),
    ("54454160G", "Bruno", "Morillo", "+34 682 777 866", "2000-03-07", "bmorillo@hotmail.com", "b.morillo@alu.edu.gva.es"),
    ("25201520Y", "Antonia", "Olivares", "+34 615 432 439", "2001-03-07", "aolivares@gmail.com", "a.olivares@alu.edu.gva.es"),
    ("10735917T", "Marta", "Manjón", "+34 610 72 458", "2003-01-02", "mmanjón@yahoo.com", "m.manjón@alu.edu.gva.es"),
    ("58556966R", "Jana", "Rivas", "+34 666 856 595", "2002-03-13", "jrivas@yahoo.com", "j.rivas@alu.edu.gva.es"),
    ("86191443R", "Sofía", "Barragán", "+34 635 398 233", "2000-12-28", "sbarragán@gmail.com", "s.barragán@alu.edu.gva.es"),
    ("83929242B", "Paula", "Espejo", "+34 67 919 284", "2002-05-19", "pespejo@hotmail.com", "p.espejo@alu.edu.gva.es"),
    ("37538776Q", "Ana", "Lago", "+34 650 121 232", "1999-03-15", "alago@gmail.com", "a.lago@alu.edu.gva.es"),
    ("49983132S", "Javier", "Villanueva", "+34 64 612 529", "2002-04-17", "jvillanueva@gmail.com", "j.villanueva@alu.edu.gva.es"),
    ("54551515T", "Miguel", "Casado", "+34 637 395 44", "2001-12-18", "mcasado@yahoo.com", "m.casado@alu.edu.gva.es"),
    ("62314274Y", "Daniel", "Rodríguez", "+34 678 225 889", "2000-11-18", "drodríguez@hotmail.com", "d.rodríguez@alu.edu.gva.es"),
    ("05111734F", "Paula", "Azorin", "+34 652 569 42", "2000-12-26", "pazorin@hotmail.com", "p.azorin@alu.edu.gva.es"),
    ("67484375Y", "Albert", "Doménech", "+34 652 670 848", "2004-06-30", "adoménech@yahoo.com", "a.doménech@alu.edu.gva.es");

INSERT INTO `estudiant` (`dni`, `nia`, `id_cicle`, `curs`, `lletra_grup`, `semipresencial`) VALUES
    ("67599262P", "13963624", 2, 2, "", 0),
    ("94197901K", "72313554", 2, 2, "", 0),
    ("34764603B", "51176958", 2, 2, "", 0),
    ("85618548J", "76739576", 2, 2, "", 0),
    ("67243552Q", "89302040", 2, 2, "", 0),
    ("09367179S", "85178973", 2, 2, "", 0),
    ("62934115C", "55016215", 2, 2, "", 0),
    ("75179149S", "69452465", 2, 2, "", 0),
    ("37361057H", "46685685", 2, 2, "", 0),
    ("23739356K", "87457454", 2, 2, "", 0),
    ("06875813D", "93753171", 2, 2, "", 0),
    ("05500933T", "66851445", 2, 2, "", 0),
    ("60057431S", "40197095", 2, 2, "", 0),
    ("54454160G", "56628159", 2, 2, "", 0),
    ("25201520Y", "36780105", 2, 2, "", 0),
    ("10735917T", "12730786", 2, 2, "", 0),
    ("58556966R", "43679205", 2, 2, "", 0),
    ("86191443R", "14724793", 2, 2, "", 0),
    ("83929242B", "46183690", 2, 2, "", 0),
    ("37538776Q", "30992880", 2, 2, "", 0),
    ("49983132S", "98266788", 2, 2, "", 0),
    ("54551515T", "74287159", 2, 2, "", 0),
    ("62314274Y", "11549526", 2, 2, "", 0),
    ("05111734F", "39803212", 2, 2, "", 0),
    ("67484375Y", "33915782", 2, 2, "", 0);

INSERT INTO `cursa` (`nia`, `id_modul`, `nota`, `curs_academic`) VALUES
    ("13963624", "0369", 8, "22/23"),
    ("13963624", "0370", 8, "22/23"),
    ("13963624", "0371", 10, "22/23"),
    ("13963624", "0372", 10, "22/23"),
    ("13963624", "0373", 8, "22/23"),
    ("13963624", "0380", 10, "22/23"),
    ("13963624", "CV0003", 10, "22/23"),
    ("72313554", "0369", 9, "22/23"),
    ("72313554", "0370", 9, "22/23"),
    ("72313554", "0371", 10, "22/23"),
    ("72313554", "0372", 8, "22/23"),
    ("72313554", "0373", 8, "22/23"),
    ("72313554", "0380", 10, "22/23"),
    ("72313554", "CV0003", 7, "22/23"),
    ("51176958", "0369", 9, "22/23"),
    ("51176958", "0370", 9, "22/23"),
    ("51176958", "0371", 9, "22/23"),
    ("51176958", "0372", 8, "22/23"),
    ("51176958", "0373", 9, "22/23"),
    ("51176958", "0380", 9, "22/23"),
    ("51176958", "CV0003", 10, "22/23"),
    ("76739576", "0369", 10, "22/23"),
    ("76739576", "0370", 8, "22/23"),
    ("76739576", "0371", 8, "22/23"),
    ("76739576", "0372", 8, "22/23"),
    ("76739576", "0373", 9, "22/23"),
    ("76739576", "0380", 10, "22/23"),
    ("76739576", "CV0003", 9, "22/23"),
    ("89302040", "0369", 8, "22/23"),
    ("89302040", "0370", 8, "22/23"),
    ("89302040", "0371", 8, "22/23"),
    ("89302040", "0372", 9, "22/23"),
    ("89302040", "0373", 10, "22/23"),
    ("89302040", "0380", 9, "22/23"),
    ("89302040", "CV0003", 8, "22/23"),
    ("85178973", "0369", 10, "22/23"),
    ("85178973", "0370", 8, "22/23"),
    ("85178973", "0371", 6, "22/23"),
    ("85178973", "0372", 7, "22/23"),
    ("85178973", "0373", 7, "22/23"),
    ("85178973", "0380", 9, "22/23"),
    ("85178973", "CV0003", 9, "22/23"),
    ("55016215", "0369", 6, "22/23"),
    ("55016215", "0370", 8, "22/23"),
    ("55016215", "0371", 7, "22/23"),
    ("55016215", "0372", 8, "22/23"),
    ("55016215", "0373", 7, "22/23"),
    ("55016215", "0380", 10, "22/23"),
    ("55016215", "CV0003", 8, "22/23"),
    ("69452465", "0369", 9, "22/23"),
    ("69452465", "0370", 6, "22/23"),
    ("69452465", "0371", 8, "22/23"),
    ("69452465", "0372", 7, "22/23"),
    ("69452465", "0373", 6, "22/23"),
    ("69452465", "0380", 8, "22/23"),
    ("69452465", "CV0003", 7, "22/23"),
    ("46685685", "0369", 7, "22/23"),
    ("46685685", "0370", 8, "22/23"),
    ("46685685", "0371", 8, "22/23"),
    ("46685685", "0372", 6, "22/23"),
    ("46685685", "0373", 9, "22/23"),
    ("46685685", "0380", 8, "22/23"),
    ("46685685", "CV0003", 9, "22/23"),
    ("87457454", "0369", 6, "22/23"),
    ("87457454", "0370", 5, "22/23"),
    ("87457454", "0371", 7, "22/23"),
    ("87457454", "0372", 8, "22/23"),
    ("87457454", "0373", 6, "22/23"),
    ("87457454", "0380", 7, "22/23"),
    ("87457454", "CV0003", 7, "22/23"),
    ("93753171", "0369", 9, "22/23"),
    ("93753171", "0370", 8, "22/23"),
    ("93753171", "0371", 6, "22/23"),
    ("93753171", "0372", 8, "22/23"),
    ("93753171", "0373", 8, "22/23"),
    ("93753171", "0380", 6, "22/23"),
    ("93753171", "CV0003", 5, "22/23"),
    ("66851445", "0369", 7, "22/23"),
    ("66851445", "0370", 6, "22/23"),
    ("66851445", "0371", 6, "22/23"),
    ("66851445", "0372", 7, "22/23"),
    ("66851445", "0373", 7, "22/23"),
    ("66851445", "0380", 10, "22/23"),
    ("66851445", "CV0003", 6, "22/23"),
    ("40197095", "0369", 8, "22/23"),
    ("40197095", "0370", 7, "22/23"),
    ("40197095", "0371", 6, "22/23"),
    ("40197095", "0372", 5, "22/23"),
    ("40197095", "0373", 6, "22/23"),
    ("40197095", "0380", 8, "22/23"),
    ("40197095", "CV0003", 10, "22/23"),
    ("56628159", "0369", 9, "22/23"),
    ("56628159", "0370", 7, "22/23"),
    ("56628159", "0371", 8, "22/23"),
    ("56628159", "0372", 5, "22/23"),
    ("56628159", "0373", 9, "22/23"),
    ("56628159", "0380", 6, "22/23"),
    ("56628159", "CV0003", 8, "22/23"),
    ("36780105", "0369", 9, "22/23"),
    ("36780105", "0370", 8, "22/23"),
    ("36780105", "0371", 6, "22/23"),
    ("36780105", "0372", 8, "22/23"),
    ("36780105", "0373", 5, "22/23"),
    ("36780105", "0380", 10, "22/23"),
    ("36780105", "CV0003", 6, "22/23"),
    ("12730786", "0369", 6, "22/23"),
    ("12730786", "0370", 3, "22/23"),
    ("12730786", "0371", 5, "22/23"),
    ("12730786", "0372", 4, "22/23"),
    ("12730786", "0373", 5, "22/23"),
    ("12730786", "0380", 5, "22/23"),
    ("12730786", "CV0003", 3, "22/23"),
    ("43679205", "0369", 4, "22/23"),
    ("43679205", "0370", 4, "22/23"),
    ("43679205", "0371", 5, "22/23"),
    ("43679205", "0372", 6, "22/23"),
    ("43679205", "0373", 6, "22/23"),
    ("43679205", "0380", 10, "22/23"),
    ("43679205", "CV0003", 6, "22/23"),
    ("14724793", "0369", 7, "22/23"),
    ("14724793", "0370", 7, "22/23"),
    ("14724793", "0371", 3, "22/23"),
    ("14724793", "0372", 5, "22/23"),
    ("14724793", "0373", 5, "22/23"),
    ("14724793", "0380", 4, "22/23"),
    ("14724793", "CV0003", 6, "22/23"),
    ("46183690", "0369", 4, "22/23"),
    ("46183690", "0370", 6, "22/23"),
    ("46183690", "0371", 4, "22/23"),
    ("46183690", "0372", 4, "22/23"),
    ("46183690", "0373", 5, "22/23"),
    ("46183690", "0380", 5, "22/23"),
    ("46183690", "CV0003", 3, "22/23"),
    ("30992880", "0369", 6, "22/23"),
    ("30992880", "0370", 3, "22/23"),
    ("30992880", "0371", 4, "22/23"),
    ("30992880", "0372", 4, "22/23"),
    ("30992880", "0373", 3, "22/23"),
    ("30992880", "0380", 4, "22/23"),
    ("30992880", "CV0003", 5, "22/23"),
    ("98266788", "0369", 2, "22/23"),
    ("98266788", "0370", 7, "22/23"),
    ("98266788", "0371", 3, "22/23"),
    ("98266788", "0372", 2, "22/23"),
    ("98266788", "0373", 2, "22/23"),
    ("98266788", "0380", 5, "22/23"),
    ("98266788", "CV0003", 4, "22/23"),
    ("74287159", "0369", 3, "22/23"),
    ("74287159", "0370", 7, "22/23"),
    ("74287159", "0371", 7, "22/23"),
    ("74287159", "0372", 3, "22/23"),
    ("74287159", "0373", 1, "22/23"),
    ("74287159", "0380", 5, "22/23"),
    ("74287159", "CV0003", 6, "22/23"),
    ("11549526", "0369", 2, "22/23"),
    ("11549526", "0370", 2, "22/23"),
    ("11549526", "0371", 2, "22/23"),
    ("11549526", "0372", 5, "22/23"),
    ("11549526", "0373", 4, "22/23"),
    ("11549526", "0380", 4, "22/23"),
    ("11549526", "CV0003", 3, "22/23"),
    ("39803212", "0369", 4, "22/23"),
    ("39803212", "0370", 5, "22/23"),
    ("39803212", "0371", 3, "22/23"),
    ("39803212", "0372", 7, "22/23"),
    ("39803212", "0373", 5, "22/23"),
    ("39803212", "0380", 2, "22/23"),
    ("39803212", "CV0003", 6, "22/23"),
    ("33915782", "0369", 4, "22/23"),
    ("33915782", "0370", 6, "22/23"),
    ("33915782", "0371", 1, "22/23"),
    ("33915782", "0372", 4, "22/23"),
    ("33915782", "0373", 5, "22/23"),
    ("33915782", "0380", 4, "22/23"),
    ("33915782", "CV0003", 5, "22/23");

INSERT INTO `cursa` (`nia`, `id_modul`, `nota`, `curs_academic`) VALUES
    ("13963624", "0374", 9, "23/24"),
    ("13963624", "0375", 8, "23/24"),
    ("13963624", "0376", 9, "23/24"),
    ("13963624", "0377", 10, "23/24"),
    ("13963624", "0378", 10, "23/24"),
    ("13963624", "0379", 9, "23/24"),
    ("13963624", "0381", 10, "23/24"),
    ("13963624", "0382", 9, "23/24"),
    ("13963624", "CV0004", 9, "23/24"),
    ("72313554", "0374", 9, "23/24"),
    ("72313554", "0375", 9, "23/24"),
    ("72313554", "0376", 10, "23/24"),
    ("72313554", "0377", 9, "23/24"),
    ("72313554", "0378", 7, "23/24"),
    ("72313554", "0379", 9, "23/24"),
    ("72313554", "0381", 8, "23/24"),
    ("72313554", "0382", 9, "23/24"),
    ("72313554", "CV0004", 10, "23/24"),
    ("51176958", "0374", 8, "23/24"),
    ("51176958", "0375", 8, "23/24"),
    ("51176958", "0376", 10, "23/24"),
    ("51176958", "0377", 9, "23/24"),
    ("51176958", "0378", 10, "23/24"),
    ("51176958", "0379", 8, "23/24"),
    ("51176958", "0381", 9, "23/24"),
    ("51176958", "0382", 10, "23/24"),
    ("51176958", "CV0004", 9, "23/24"),
    ("76739576", "0374", 8, "23/24"),
    ("76739576", "0375", 8, "23/24"),
    ("76739576", "0376", 9, "23/24"),
    ("76739576", "0377", 9, "23/24"),
    ("76739576", "0378", 10, "23/24"),
    ("76739576", "0379", 9, "23/24"),
    ("76739576", "0381", 9, "23/24"),
    ("76739576", "0382", 10, "23/24"),
    ("76739576", "CV0004", 9, "23/24"),
    ("89302040", "0374", 9, "23/24"),
    ("89302040", "0375", 10, "23/24"),
    ("89302040", "0376", 9, "23/24"),
    ("89302040", "0377", 9, "23/24"),
    ("89302040", "0378", 10, "23/24"),
    ("89302040", "0379", 9, "23/24"),
    ("89302040", "0381", 8, "23/24"),
    ("89302040", "0382", 7, "23/24"),
    ("89302040", "CV0004", 9, "23/24"),
    ("85178973", "0374", 7, "23/24"),
    ("85178973", "0375", 6, "23/24"),
    ("85178973", "0376", 8, "23/24"),
    ("85178973", "0377", 7, "23/24"),
    ("85178973", "0378", 8, "23/24"),
    ("85178973", "0379", 7, "23/24"),
    ("85178973", "0381", 7, "23/24"),
    ("85178973", "0382", 8, "23/24"),
    ("85178973", "CV0004", 8, "23/24"),
    ("55016215", "0374", 8, "23/24"),
    ("55016215", "0375", 5, "23/24"),
    ("55016215", "0376", 7, "23/24"),
    ("55016215", "0377", 7, "23/24"),
    ("55016215", "0378", 10, "23/24"),
    ("55016215", "0379", 5, "23/24"),
    ("55016215", "0381", 10, "23/24"),
    ("55016215", "0382", 8, "23/24"),
    ("55016215", "CV0004", 8, "23/24"),
    ("69452465", "0374", 9, "23/24"),
    ("69452465", "0375", 9, "23/24"),
    ("69452465", "0376", 9, "23/24"),
    ("69452465", "0377", 6, "23/24"),
    ("69452465", "0378", 9, "23/24"),
    ("69452465", "0379", 8, "23/24"),
    ("69452465", "0381", 9, "23/24"),
    ("69452465", "0382", 7, "23/24"),
    ("69452465", "CV0004", 8, "23/24"),
    ("46685685", "0374", 8, "23/24"),
    ("46685685", "0375", 8, "23/24"),
    ("46685685", "0376", 5, "23/24"),
    ("46685685", "0377", 8, "23/24"),
    ("46685685", "0378", 9, "23/24"),
    ("46685685", "0379", 7, "23/24"),
    ("46685685", "0381", 5, "23/24"),
    ("46685685", "0382", 8, "23/24"),
    ("46685685", "CV0004", 8, "23/24"),
    ("87457454", "0374", 8, "23/24"),
    ("87457454", "0375", 8, "23/24"),
    ("87457454", "0376", 7, "23/24"),
    ("87457454", "0377", 6, "23/24"),
    ("87457454", "0378", 8, "23/24"),
    ("87457454", "0379", 6, "23/24"),
    ("87457454", "0381", 10, "23/24"),
    ("87457454", "0382", 5, "23/24"),
    ("87457454", "CV0004", 7, "23/24"),
    ("93753171", "0374", 9, "23/24"),
    ("93753171", "0375", 9, "23/24"),
    ("93753171", "0376", 10, "23/24"),
    ("93753171", "0377", 7, "23/24"),
    ("93753171", "0378", 9, "23/24"),
    ("93753171", "0379", 7, "23/24"),
    ("93753171", "0381", 8, "23/24"),
    ("93753171", "0382", 7, "23/24"),
    ("93753171", "CV0004", 8, "23/24"),
    ("66851445", "0374", 6, "23/24"),
    ("66851445", "0375", 7, "23/24"),
    ("66851445", "0376", 8, "23/24"),
    ("66851445", "0377", 6, "23/24"),
    ("66851445", "0378", 7, "23/24"),
    ("66851445", "0379", 8, "23/24"),
    ("66851445", "0381", 6, "23/24"),
    ("66851445", "0382", 8, "23/24"),
    ("66851445", "CV0004", 7, "23/24"),
    ("40197095", "0374", 6, "23/24"),
    ("40197095", "0375", 8, "23/24"),
    ("40197095", "0376", 9, "23/24"),
    ("40197095", "0377", 10, "23/24"),
    ("40197095", "0378", 6, "23/24"),
    ("40197095", "0379", 8, "23/24"),
    ("40197095", "0381", 6, "23/24"),
    ("40197095", "0382", 8, "23/24"),
    ("40197095", "CV0004", 8, "23/24"),
    ("56628159", "0374", 6, "23/24"),
    ("56628159", "0375", 9, "23/24"),
    ("56628159", "0376", 7, "23/24"),
    ("56628159", "0377", 10, "23/24"),
    ("56628159", "0378", 5, "23/24"),
    ("56628159", "0379", 9, "23/24"),
    ("56628159", "0381", 7, "23/24"),
    ("56628159", "0382", 8, "23/24"),
    ("56628159", "CV0004", 8, "23/24"),
    ("36780105", "0374", 7, "23/24"),
    ("36780105", "0375", 8, "23/24"),
    ("36780105", "0376", 5, "23/24"),
    ("36780105", "0377", 8, "23/24"),
    ("36780105", "0378", 5, "23/24"),
    ("36780105", "0379", 7, "23/24"),
    ("36780105", "0381", 9, "23/24"),
    ("36780105", "0382", 7, "23/24"),
    ("36780105", "CV0004", 8, "23/24"),
    ("12730786", "0374", 4, "23/24"),
    ("12730786", "0375", 3, "23/24"),
    ("12730786", "0376", 3, "23/24"),
    ("12730786", "0377", 3, "23/24"),
    ("12730786", "0378", 7, "23/24"),
    ("12730786", "0379", 6, "23/24"),
    ("12730786", "0381", 6, "23/24"),
    ("12730786", "0382", 6, "23/24"),
    ("12730786", "CV0004", 3, "23/24"),
    ("43679205", "0374", 6, "23/24"),
    ("43679205", "0375", 3, "23/24"),
    ("43679205", "0376", 4, "23/24"),
    ("43679205", "0377", 6, "23/24"),
    ("43679205", "0378", 4, "23/24"),
    ("43679205", "0379", 6, "23/24"),
    ("43679205", "0381", 3, "23/24"),
    ("43679205", "0382", 5, "23/24"),
    ("43679205", "CV0004", 6, "23/24"),
    ("14724793", "0374", 4, "23/24"),
    ("14724793", "0375", 3, "23/24"),
    ("14724793", "0376", 3, "23/24"),
    ("14724793", "0377", 7, "23/24"),
    ("14724793", "0378", 6, "23/24"),
    ("14724793", "0379", 6, "23/24"),
    ("14724793", "0381", 4, "23/24"),
    ("14724793", "0382", 6, "23/24"),
    ("14724793", "CV0004", 7, "23/24"),
    ("46183690", "0374", 4, "23/24"),
    ("46183690", "0375", 6, "23/24"),
    ("46183690", "0376", 6, "23/24"),
    ("46183690", "0377", 4, "23/24"),
    ("46183690", "0378", 6, "23/24"),
    ("46183690", "0379", 5, "23/24"),
    ("46183690", "0381", 6, "23/24"),
    ("46183690", "0382", 7, "23/24"),
    ("46183690", "CV0004", 8, "23/24"),
    ("30992880", "0374", 6, "23/24"),
    ("30992880", "0375", 6, "23/24"),
    ("30992880", "0376", 6, "23/24"),
    ("30992880", "0377", 3, "23/24"),
    ("30992880", "0378", 3, "23/24"),
    ("30992880", "0379", 5, "23/24"),
    ("30992880", "0381", 6, "23/24"),
    ("30992880", "0382", 4, "23/24"),
    ("30992880", "CV0004", 6, "23/24"),
    ("98266788", "0374", 4, "23/24"),
    ("98266788", "0375", 4, "23/24"),
    ("98266788", "0376", 3, "23/24"),
    ("98266788", "0377", 5, "23/24"),
    ("98266788", "0378", 4, "23/24"),
    ("98266788", "0379", 3, "23/24"),
    ("98266788", "0381", 0, "23/24"),
    ("98266788", "0382", 3, "23/24"),
    ("98266788", "CV0004", 5, "23/24"),
    ("74287159", "0374", 2, "23/24"),
    ("74287159", "0375", 5, "23/24"),
    ("74287159", "0376", 1, "23/24"),
    ("74287159", "0377", 5, "23/24"),
    ("74287159", "0378", 5, "23/24"),
    ("74287159", "0379", 5, "23/24"),
    ("74287159", "0381", 4, "23/24"),
    ("74287159", "0382", 8, "23/24"),
    ("74287159", "CV0004", 2, "23/24"),
    ("11549526", "0374", 6, "23/24"),
    ("11549526", "0375", 0, "23/24"),
    ("11549526", "0376", 2, "23/24"),
    ("11549526", "0377", 2, "23/24"),
    ("11549526", "0378", 8, "23/24"),
    ("11549526", "0379", 3, "23/24"),
    ("11549526", "0381", 8, "23/24"),
    ("11549526", "0382", 3, "23/24"),
    ("11549526", "CV0004", 6, "23/24"),
    ("39803212", "0374", 1, "23/24"),
    ("39803212", "0375", 1, "23/24"),
    ("39803212", "0376", 5, "23/24"),
    ("39803212", "0377", 3, "23/24"),
    ("39803212", "0378", 7, "23/24"),
    ("39803212", "0379", 4, "23/24"),
    ("39803212", "0381", 9, "23/24"),
    ("39803212", "0382", 5, "23/24"),
    ("39803212", "CV0004", 2, "23/24"),
    ("33915782", "0374", 3, "23/24"),
    ("33915782", "0375", 5, "23/24"),
    ("33915782", "0376", 5, "23/24"),
    ("33915782", "0377", 4, "23/24"),
    ("33915782", "0378", 5, "23/24"),
    ("33915782", "0379", 4, "23/24"),
    ("33915782", "0381", 4, "23/24"),
    ("33915782", "0382", 6, "23/24"),
    ("33915782", "CV0004", 5, "23/24");

-- DAM1
INSERT INTO `persona` (`dni`, `nom`, `cognoms`, `telefon`, `data_naixement`, `correu_personal`, `correu_corporatiu`) VALUES
    ("91929968A", "Laura", "Asenjo", "+34 676 818 894", "2002-10-22", "lasenjo@hotmail.com", "l.asenjo@alu.edu.gva.es"),
    ("98008852X", "Martina", "Gaya", "+34 664 348 47", "2002-09-30", "mgaya@yahoo.com", "m.gaya@alu.edu.gva.es"),
    ("54934334F", "María Teresa", "Alvarado", "+34 69 938 733", "2001-11-11", "mtalvarado@gmail.com", "mt.alvarado@alu.edu.gva.es"),
    ("16994544M", "José", "Palacios", "+34 668 440 762", "2001-01-31", "jpalacios@yahoo.com", "j.palacios@alu.edu.gva.es"),
    ("77096917C", "Pau", "Vendrell", "+34 619 76 73", "2002-11-06", "pvendrell@gmail.com", "p.vendrell@alu.edu.gva.es"),
    ("08198556E", "Sofía", "Zabaleta", "+34 66 552 634", "2001-08-28", "szabaleta@hotmail.com", "s.zabaleta@alu.edu.gva.es"),
    ("82676956Y", "Juan", "Verdejo", "+34 675 228 400", "2004-05-21", "jverdejo@gmail.com", "j.verdejo@alu.edu.gva.es"),
    ("67220324H", "Biel", "Giménez", "+34 675 440 864", "2000-11-09", "bgiménez@yahoo.com", "b.giménez@alu.edu.gva.es"),
    ("54076092X", "Pau", "Pol", "+34 624 401 323", "2002-01-16", "ppol@yahoo.com", "p.pol@alu.edu.gva.es"),
    ("73516085N", "Xavier", "Lopez", "+34 632 974 874", "2001-04-30", "xlopez@yahoo.com", "x.lopez@alu.edu.gva.es"),
    ("92147421Z", "Carlos", "Narváez", "+34 696 3 123", "2000-12-15", "cnarváez@gmail.com", "c.narváez@alu.edu.gva.es"),
    ("01809637C", "Montserrat", "Jimenez", "+34 620 686 799", "2002-06-24", "mjimenez@yahoo.com", "m.jimenez@alu.edu.gva.es"),
    ("97752250L", "Carla", "Sáenz", "+34 684 560 840", "1999-12-04", "csáenz@gmail.com", "c.sáenz@alu.edu.gva.es"),
    ("04815097R", "Anna", "Laguna", "+34 632 712 689", "1999-04-28", "alaguna@yahoo.com", "a.laguna@alu.edu.gva.es"),
    ("67851392N", "Carlos", "Peñalver", "+34 677 682 710", "2001-07-27", "cpeñalver@gmail.com", "c.peñalver@alu.edu.gva.es"),
    ("38506192Y", "Núria", "Morcillo", "+34 677 600 335", "1999-09-02", "nmorcillo@gmail.com", "n.morcillo@alu.edu.gva.es"),
    ("14974777Y", "Jan", "Fuentes", "+34 653 487 667", "1999-09-09", "jfuentes@hotmail.com", "j.fuentes@alu.edu.gva.es"),
    ("46804008C", "Valèria", "Nogués", "+34 642 273 274", "2000-12-14", "vnogués@hotmail.com", "v.nogués@alu.edu.gva.es"),
    ("45473528K", "Abril", "Pinto", "+34 631 54 633", "1998-09-26", "apinto@yahoo.com", "a.pinto@alu.edu.gva.es"),
    ("03592263P", "Sara", "Gimeno", "+34 64 983 132", "2004-02-03", "sgimeno@hotmail.com", "s.gimeno@alu.edu.gva.es"),
    ("75739260F", "Ona", "Urrutia", "+34 641 70 459", "2001-07-12", "ourrutia@yahoo.com", "o.urrutia@alu.edu.gva.es"),
    ("63803483B", "Joan", "Corominas", "+34 641 283 867", "1995-08-24", "jcorominas@gmail.com", "j.corominas@alu.edu.gva.es"),
    ("40922189Z", "Pau", "Feijoo", "+34 698 600 713", "2000-08-31", "pfeijoo@yahoo.com", "p.feijoo@alu.edu.gva.es"),
    ("49870066V", "Max", "Ibáñez", "+34 674 388 280", "2001-09-09", "mibáñez@yahoo.com", "m.ibáñez@alu.edu.gva.es"),
    ("84129807Q", "Hugo", "Escamilla", "+34 688 110 60", "2003-09-27", "hescamilla@hotmail.com", "h.escamilla@alu.edu.gva.es");

INSERT INTO `estudiant` (`dni`, `nia`, `id_cicle`, `curs`, `lletra_grup`, `semipresencial`) VALUES
    ("91929968A", "69826104", 3, 1, "", 1),
    ("98008852X", "67549723", 3, 1, "", 1),
    ("54934334F", "27524971", 3, 1, "", 1),
    ("16994544M", "30605477", 3, 1, "", 1),
    ("77096917C", "74129757", 3, 1, "", 1),
    ("08198556E", "20142973", 3, 1, "", 1),
    ("82676956Y", "41353026", 3, 1, "", 1),
    ("67220324H", "42661875", 3, 1, "", 1),
    ("54076092X", "99729826", 3, 1, "", 1),
    ("73516085N", "87374723", 3, 1, "", 1),
    ("92147421Z", "33618341", 3, 1, "", 1),
    ("01809637C", "19071989", 3, 1, "", 1),
    ("97752250L", "69251085", 3, 1, "", 1),
    ("04815097R", "56825002", 3, 1, "", 1),
    ("67851392N", "82844846", 3, 1, "", 1),
    ("38506192Y", "71043550", 3, 1, "", 1),
    ("14974777Y", "52913410", 3, 1, "", 1),
    ("46804008C", "90273988", 3, 1, "", 1),
    ("45473528K", "19284981", 3, 1, "", 1),
    ("03592263P", "52627941", 3, 1, "", 1),
    ("75739260F", "62195880", 3, 1, "", 1),
    ("63803483B", "51017181", 3, 1, "", 1),
    ("40922189Z", "85180018", 3, 1, "", 1),
    ("49870066V", "60868437", 3, 1, "", 1),
    ("84129807Q", "45000579", 3, 1, "", 1);

INSERT INTO `cursa` (`nia`, `id_modul`, `nota`, `curs_academic`) VALUES
    ("69826104", "0373", 8, "23/24"),
    ("69826104", "0483", 9, "23/24"),
    ("69826104", "0484", 9, "23/24"),
    ("69826104", "0485", 10, "23/24"),
    ("69826104", "0487", 10, "23/24"),
    ("69826104", "0493", 9, "23/24"),
    ("69826104", "CV0003", 8, "23/24"),
    ("67549723", "0373", 8, "23/24"),
    ("67549723", "0483", 8, "23/24"),
    ("67549723", "0484", 10, "23/24"),
    ("67549723", "0485", 10, "23/24"),
    ("67549723", "0487", 8, "23/24"),
    ("67549723", "0493", 10, "23/24"),
    ("67549723", "CV0003", 9, "23/24"),
    ("27524971", "0373", 9, "23/24"),
    ("27524971", "0483", 9, "23/24"),
    ("27524971", "0484", 7, "23/24"),
    ("27524971", "0485", 9, "23/24"),
    ("27524971", "0487", 9, "23/24"),
    ("27524971", "0493", 10, "23/24"),
    ("27524971", "CV0003", 9, "23/24"),
    ("30605477", "0373", 8, "23/24"),
    ("30605477", "0483", 10, "23/24"),
    ("30605477", "0484", 10, "23/24"),
    ("30605477", "0485", 8, "23/24"),
    ("30605477", "0487", 8, "23/24"),
    ("30605477", "0493", 10, "23/24"),
    ("30605477", "CV0003", 7, "23/24"),
    ("74129757", "0373", 9, "23/24"),
    ("74129757", "0483", 7, "23/24"),
    ("74129757", "0484", 7, "23/24"),
    ("74129757", "0485", 9, "23/24"),
    ("74129757", "0487", 10, "23/24"),
    ("74129757", "0493", 8, "23/24"),
    ("74129757", "CV0003", 9, "23/24"),
    ("20142973", "0373", 7, "23/24"),
    ("20142973", "0483", 8, "23/24"),
    ("20142973", "0484", 7, "23/24"),
    ("20142973", "0485", 8, "23/24"),
    ("20142973", "0487", 7, "23/24"),
    ("20142973", "0493", 9, "23/24"),
    ("20142973", "CV0003", 9, "23/24"),
    ("41353026", "0373", 9, "23/24"),
    ("41353026", "0483", 9, "23/24"),
    ("41353026", "0484", 9, "23/24"),
    ("41353026", "0485", 9, "23/24"),
    ("41353026", "0487", 5, "23/24"),
    ("41353026", "0493", 10, "23/24"),
    ("41353026", "CV0003", 8, "23/24"),
    ("42661875", "0373", 8, "23/24"),
    ("42661875", "0483", 8, "23/24"),
    ("42661875", "0484", 5, "23/24"),
    ("42661875", "0485", 8, "23/24"),
    ("42661875", "0487", 6, "23/24"),
    ("42661875", "0493", 8, "23/24"),
    ("42661875", "CV0003", 8, "23/24"),
    ("99729826", "0373", 8, "23/24"),
    ("99729826", "0483", 7, "23/24"),
    ("99729826", "0484", 7, "23/24"),
    ("99729826", "0485", 8, "23/24"),
    ("99729826", "0487", 5, "23/24"),
    ("99729826", "0493", 9, "23/24"),
    ("99729826", "CV0003", 6, "23/24"),
    ("87374723", "0373", 8, "23/24"),
    ("87374723", "0483", 8, "23/24"),
    ("87374723", "0484", 6, "23/24"),
    ("87374723", "0485", 6, "23/24"),
    ("87374723", "0487", 7, "23/24"),
    ("87374723", "0493", 5, "23/24"),
    ("87374723", "CV0003", 8, "23/24"),
    ("33618341", "0373", 8, "23/24"),
    ("33618341", "0483", 5, "23/24"),
    ("33618341", "0484", 7, "23/24"),
    ("33618341", "0485", 9, "23/24"),
    ("33618341", "0487", 6, "23/24"),
    ("33618341", "0493", 8, "23/24"),
    ("33618341", "CV0003", 8, "23/24"),
    ("19071989", "0373", 8, "23/24"),
    ("19071989", "0483", 5, "23/24"),
    ("19071989", "0484", 8, "23/24"),
    ("19071989", "0485", 8, "23/24"),
    ("19071989", "0487", 8, "23/24"),
    ("19071989", "0493", 10, "23/24"),
    ("19071989", "CV0003", 6, "23/24"),
    ("69251085", "0373", 8, "23/24"),
    ("69251085", "0483", 5, "23/24"),
    ("69251085", "0484", 7, "23/24"),
    ("69251085", "0485", 6, "23/24"),
    ("69251085", "0487", 7, "23/24"),
    ("69251085", "0493", 8, "23/24"),
    ("69251085", "CV0003", 7, "23/24"),
    ("56825002", "0373", 6, "23/24"),
    ("56825002", "0483", 6, "23/24"),
    ("56825002", "0484", 7, "23/24"),
    ("56825002", "0485", 5, "23/24"),
    ("56825002", "0487", 7, "23/24"),
    ("56825002", "0493", 5, "23/24"),
    ("56825002", "CV0003", 9, "23/24"),
    ("82844846", "0373", 9, "23/24"),
    ("82844846", "0483", 9, "23/24"),
    ("82844846", "0484", 7, "23/24"),
    ("82844846", "0485", 7, "23/24"),
    ("82844846", "0487", 9, "23/24"),
    ("82844846", "0493", 6, "23/24"),
    ("82844846", "CV0003", 8, "23/24"),
    ("71043550", "0373", 3, "23/24"),
    ("71043550", "0483", 4, "23/24"),
    ("71043550", "0484", 3, "23/24"),
    ("71043550", "0485", 3, "23/24"),
    ("71043550", "0487", 4, "23/24"),
    ("71043550", "0493", 8, "23/24"),
    ("71043550", "CV0003", 10, "23/24"),
    ("52913410", "0373", 3, "23/24"),
    ("52913410", "0483", 5, "23/24"),
    ("52913410", "0484", 10, "23/24"),
    ("52913410", "0485", 6, "23/24"),
    ("52913410", "0487", 3, "23/24"),
    ("52913410", "0493", 3, "23/24"),
    ("52913410", "CV0003", 3, "23/24"),
    ("90273988", "0373", 7, "23/24"),
    ("90273988", "0483", 3, "23/24"),
    ("90273988", "0484", 4, "23/24"),
    ("90273988", "0485", 9, "23/24"),
    ("90273988", "0487", 3, "23/24"),
    ("90273988", "0493", 8, "23/24"),
    ("90273988", "CV0003", 4, "23/24"),
    ("19284981", "0373", 6, "23/24"),
    ("19284981", "0483", 5, "23/24"),
    ("19284981", "0484", 4, "23/24"),
    ("19284981", "0485", 5, "23/24"),
    ("19284981", "0487", 6, "23/24"),
    ("19284981", "0493", 6, "23/24"),
    ("19284981", "CV0003", 6, "23/24"),
    ("52627941", "0373", 7, "23/24"),
    ("52627941", "0483", 6, "23/24"),
    ("52627941", "0484", 7, "23/24"),
    ("52627941", "0485", 7, "23/24"),
    ("52627941", "0487", 4, "23/24"),
    ("52627941", "0493", 7, "23/24"),
    ("52627941", "CV0003", 5, "23/24"),
    ("62195880", "0373", 6, "23/24"),
    ("62195880", "0483", 5, "23/24"),
    ("62195880", "0484", 4, "23/24"),
    ("62195880", "0485", 9, "23/24"),
    ("62195880", "0487", 3, "23/24"),
    ("62195880", "0493", 4, "23/24"),
    ("62195880", "CV0003", 3, "23/24"),
    ("51017181", "0373", 5, "23/24"),
    ("51017181", "0483", 3, "23/24"),
    ("51017181", "0484", 3, "23/24"),
    ("51017181", "0485", 1, "23/24"),
    ("51017181", "0487", 4, "23/24"),
    ("51017181", "0493", 6, "23/24"),
    ("51017181", "CV0003", 2, "23/24"),
    ("85180018", "0373", 8, "23/24"),
    ("85180018", "0483", 6, "23/24"),
    ("85180018", "0484", 4, "23/24"),
    ("85180018", "0485", 3, "23/24"),
    ("85180018", "0487", 5, "23/24"),
    ("85180018", "0493", 6, "23/24"),
    ("85180018", "CV0003", 5, "23/24"),
    ("60868437", "0373", 4, "23/24"),
    ("60868437", "0483", 0, "23/24"),
    ("60868437", "0484", 0, "23/24"),
    ("60868437", "0485", 4, "23/24"),
    ("60868437", "0487", 5, "23/24"),
    ("60868437", "0493", 4, "23/24"),
    ("60868437", "CV0003", 3, "23/24"),
    ("45000579", "0373", 2, "23/24"),
    ("45000579", "0483", 0, "23/24"),
    ("45000579", "0484", 6, "23/24"),
    ("45000579", "0485", 6, "23/24"),
    ("45000579", "0487", 4, "23/24"),
    ("45000579", "0493", 7, "23/24"),
    ("45000579", "CV0003", 5, "23/24");

-- DAM2
INSERT INTO `persona` (`dni`, `nom`, `cognoms`, `telefon`, `data_naixement`, `correu_personal`, `correu_corporatiu`) VALUES
    ("23623459K", "Júlia", "Calleja", "+34 669 61 624", "2000-09-16", "jcalleja@hotmail.com", "j.calleja@alu.edu.gva.es"),
    ("62743941X", "Carla", "Pereira", "+34 642 789 660", "2001-09-14", "cpereira@hotmail.com", "c.pereira@alu.edu.gva.es"),
    ("21539505M", "Abril", "Francisco", "+34 673 61 229", "2000-01-14", "afrancisco@hotmail.com", "a.francisco@alu.edu.gva.es"),
    ("03498235G", "Max", "Sacristán", "+34 61 679 75", "1999-01-27", "msacristán@yahoo.com", "m.sacristán@alu.edu.gva.es"),
    ("84321270G", "María", "Gutierrez", "+34 673 412 527", "2002-02-27", "mgutierrez@gmail.com", "m.gutierrez@alu.edu.gva.es"),
    ("66060496B", "Sílvia", "Puerta", "+34 652 689 728", "2001-09-03", "spuerta@yahoo.com", "s.puerta@alu.edu.gva.es"),
    ("60041427L", "Max", "Velázquez", "+34 670 804 915", "2001-03-07", "mvelázquez@gmail.com", "m.velázquez@alu.edu.gva.es"),
    ("16797542K", "Enzo", "Cáceres", "+34 669 162 191", "2002-10-26", "ecáceres@gmail.com", "e.cáceres@alu.edu.gva.es"),
    ("58626619X", "Bruno", "Prado", "+34 621 484 967", "2002-10-29", "bprado@yahoo.com", "b.prado@alu.edu.gva.es"),
    ("34946481M", "Rosa", "Araujo", "+34 682 952 65", "1999-03-02", "raraujo@yahoo.com", "r.araujo@alu.edu.gva.es"),
    ("15197187Y", "Arlet", "Diéguez", "+34 632 143 33", "1998-02-19", "adiéguez@gmail.com", "a.diéguez@alu.edu.gva.es"),
    ("61463873F", "Martina", "Colomer", "+34 643 995 635", "2005-09-16", "mcolomer@yahoo.com", "m.colomer@alu.edu.gva.es"),
    ("59005153X", "Sofía", "Arellano", "+34 620 181 496", "2005-05-26", "sarellano@yahoo.com", "s.arellano@alu.edu.gva.es"),
    ("35889533B", "Jana", "Calatayud", "+34 669 735 581", "2002-01-08", "jcalatayud@hotmail.com", "j.calatayud@alu.edu.gva.es"),
    ("53797197J", "Martina", "Bernal", "+34 666 55 597", "1997-12-14", "mbernal@gmail.com", "m.bernal@alu.edu.gva.es"),
    ("29376055H", "Antonio", "España", "+34 61 724 263", "2001-12-17", "aespaña@gmail.com", "a.españa@alu.edu.gva.es"),
    ("25933750P", "Dolores", "Casado", "+34 652 804 756", "2002-01-31", "dcasado@gmail.com", "d.casado@alu.edu.gva.es"),
    ("59629449V", "Jan", "Cortés", "+34 655 39 108", "1997-08-20", "jcortés@gmail.com", "j.cortés@alu.edu.gva.es"),
    ("82645960Z", "Sílvia", "Borrego", "+34 664 997 311", "2001-04-30", "sborrego@hotmail.com", "s.borrego@alu.edu.gva.es"),
    ("39689963J", "Albert", "Querol", "+34 62 696 766", "2003-04-10", "aquerol@hotmail.com", "a.querol@alu.edu.gva.es"),
    ("58870356Q", "Hugo", "Ángel", "+34 633 600 213", "1998-11-21", "hángel@gmail.com", "h.ángel@alu.edu.gva.es"),
    ("51176417Z", "Júlia", "Cortes", "+34 654 226 492", "2002-06-15", "jcortes@yahoo.com", "j.cortes@alu.edu.gva.es"),
    ("34385521S", "Carla", "Calderón", "+34 67 683 575", "2000-11-02", "ccalderón@gmail.com", "c.calderón@alu.edu.gva.es"),
    ("96248343J", "Joan", "Jordá", "+34 644 874 976", "2002-04-20", "jjordá@yahoo.com", "j.jordá@alu.edu.gva.es"),
    ("47812642N", "David", "Cal", "+34 644 640 727", "2000-03-30", "dcal@hotmail.com", "d.cal@alu.edu.gva.es");

INSERT INTO `estudiant` (`dni`, `nia`, `id_cicle`, `curs`, `lletra_grup`, `semipresencial`) VALUES
    ("23623459K", "95838816", 3, 2, "", 1),
    ("62743941X", "88601876", 3, 2, "", 1),
    ("21539505M", "30268657", 3, 2, "", 1),
    ("03498235G", "15920428", 3, 2, "", 1),
    ("84321270G", "48633790", 3, 2, "", 1),
    ("66060496B", "77189277", 3, 2, "", 1),
    ("60041427L", "81551216", 3, 2, "", 1),
    ("16797542K", "54609382", 3, 2, "", 1),
    ("58626619X", "48089993", 3, 2, "", 1),
    ("34946481M", "85624618", 3, 2, "", 1),
    ("15197187Y", "86488312", 3, 2, "", 1),
    ("61463873F", "54029642", 3, 2, "", 1),
    ("59005153X", "86162105", 3, 2, "", 1),
    ("35889533B", "52798440", 3, 2, "", 1),
    ("53797197J", "56480472", 3, 2, "", 1),
    ("29376055H", "44359797", 3, 2, "", 1),
    ("25933750P", "95198870", 3, 2, "", 1),
    ("59629449V", "92121595", 3, 2, "", 1),
    ("82645960Z", "32967944", 3, 2, "", 1),
    ("39689963J", "65326822", 3, 2, "", 1),
    ("58870356Q", "59675630", 3, 2, "", 1),
    ("51176417Z", "45367357", 3, 2, "", 1),
    ("34385521S", "48753021", 3, 2, "", 1),
    ("96248343J", "25967477", 3, 2, "", 1),
    ("47812642N", "31855098", 3, 2, "", 1);

INSERT INTO `cursa` (`nia`, `id_modul`, `nota`, `curs_academic`) VALUES
    ("95838816", "0373", 10, "22/23"),
    ("95838816", "0483", 10, "22/23"),
    ("95838816", "0484", 9, "22/23"),
    ("95838816", "0485", 10, "22/23"),
    ("95838816", "0487", 10, "22/23"),
    ("95838816", "0493", 9, "22/23"),
    ("95838816", "CV0003", 10, "22/23"),
    ("88601876", "0373", 9, "22/23"),
    ("88601876", "0483", 10, "22/23"),
    ("88601876", "0484", 10, "22/23"),
    ("88601876", "0485", 8, "22/23"),
    ("88601876", "0487", 7, "22/23"),
    ("88601876", "0493", 10, "22/23"),
    ("88601876", "CV0003", 8, "22/23"),
    ("30268657", "0373", 7, "22/23"),
    ("30268657", "0483", 8, "22/23"),
    ("30268657", "0484", 9, "22/23"),
    ("30268657", "0485", 9, "22/23"),
    ("30268657", "0487", 8, "22/23"),
    ("30268657", "0493", 8, "22/23"),
    ("30268657", "CV0003", 10, "22/23"),
    ("15920428", "0373", 10, "22/23"),
    ("15920428", "0483", 10, "22/23"),
    ("15920428", "0484", 9, "22/23"),
    ("15920428", "0485", 9, "22/23"),
    ("15920428", "0487", 9, "22/23"),
    ("15920428", "0493", 9, "22/23"),
    ("15920428", "CV0003", 8, "22/23"),
    ("48633790", "0373", 9, "22/23"),
    ("48633790", "0483", 8, "22/23"),
    ("48633790", "0484", 8, "22/23"),
    ("48633790", "0485", 9, "22/23"),
    ("48633790", "0487", 9, "22/23"),
    ("48633790", "0493", 10, "22/23"),
    ("48633790", "CV0003", 8, "22/23"),
    ("77189277", "0373", 6, "22/23"),
    ("77189277", "0483", 7, "22/23"),
    ("77189277", "0484", 7, "22/23"),
    ("77189277", "0485", 6, "22/23"),
    ("77189277", "0487", 5, "22/23"),
    ("77189277", "0493", 9, "22/23"),
    ("77189277", "CV0003", 8, "22/23"),
    ("81551216", "0373", 8, "22/23"),
    ("81551216", "0483", 8, "22/23"),
    ("81551216", "0484", 7, "22/23"),
    ("81551216", "0485", 9, "22/23"),
    ("81551216", "0487", 6, "22/23"),
    ("81551216", "0493", 8, "22/23"),
    ("81551216", "CV0003", 7, "22/23"),
    ("54609382", "0373", 8, "22/23"),
    ("54609382", "0483", 10, "22/23"),
    ("54609382", "0484", 8, "22/23"),
    ("54609382", "0485", 9, "22/23"),
    ("54609382", "0487", 9, "22/23"),
    ("54609382", "0493", 5, "22/23"),
    ("54609382", "CV0003", 6, "22/23"),
    ("48089993", "0373", 5, "22/23"),
    ("48089993", "0483", 5, "22/23"),
    ("48089993", "0484", 9, "22/23"),
    ("48089993", "0485", 7, "22/23"),
    ("48089993", "0487", 6, "22/23"),
    ("48089993", "0493", 6, "22/23"),
    ("48089993", "CV0003", 7, "22/23"),
    ("85624618", "0373", 6, "22/23"),
    ("85624618", "0483", 7, "22/23"),
    ("85624618", "0484", 7, "22/23"),
    ("85624618", "0485", 10, "22/23"),
    ("85624618", "0487", 5, "22/23"),
    ("85624618", "0493", 5, "22/23"),
    ("85624618", "CV0003", 7, "22/23"),
    ("86488312", "0373", 10, "22/23"),
    ("86488312", "0483", 8, "22/23"),
    ("86488312", "0484", 5, "22/23"),
    ("86488312", "0485", 10, "22/23"),
    ("86488312", "0487", 9, "22/23"),
    ("86488312", "0493", 6, "22/23"),
    ("86488312", "CV0003", 8, "22/23"),
    ("54029642", "0373", 5, "22/23"),
    ("54029642", "0483", 8, "22/23"),
    ("54029642", "0484", 10, "22/23"),
    ("54029642", "0485", 7, "22/23"),
    ("54029642", "0487", 8, "22/23"),
    ("54029642", "0493", 6, "22/23"),
    ("54029642", "CV0003", 8, "22/23"),
    ("86162105", "0373", 6, "22/23"),
    ("86162105", "0483", 10, "22/23"),
    ("86162105", "0484", 7, "22/23"),
    ("86162105", "0485", 7, "22/23"),
    ("86162105", "0487", 7, "22/23"),
    ("86162105", "0493", 8, "22/23"),
    ("86162105", "CV0003", 7, "22/23"),
    ("52798440", "0373", 8, "22/23"),
    ("52798440", "0483", 8, "22/23"),
    ("52798440", "0484", 5, "22/23"),
    ("52798440", "0485", 8, "22/23"),
    ("52798440", "0487", 9, "22/23"),
    ("52798440", "0493", 6, "22/23"),
    ("52798440", "CV0003", 7, "22/23"),
    ("56480472", "0373", 8, "22/23"),
    ("56480472", "0483", 6, "22/23"),
    ("56480472", "0484", 8, "22/23"),
    ("56480472", "0485", 9, "22/23"),
    ("56480472", "0487", 8, "22/23"),
    ("56480472", "0493", 8, "22/23"),
    ("56480472", "CV0003", 7, "22/23"),
    ("44359797", "0373", 4, "22/23"),
    ("44359797", "0483", 6, "22/23"),
    ("44359797", "0484", 8, "22/23"),
    ("44359797", "0485", 6, "22/23"),
    ("44359797", "0487", 6, "22/23"),
    ("44359797", "0493", 3, "22/23"),
    ("44359797", "CV0003", 4, "22/23"),
    ("95198870", "0373", 4, "22/23"),
    ("95198870", "0483", 7, "22/23"),
    ("95198870", "0484", 5, "22/23"),
    ("95198870", "0485", 8, "22/23"),
    ("95198870", "0487", 3, "22/23"),
    ("95198870", "0493", 6, "22/23"),
    ("95198870", "CV0003", 4, "22/23"),
    ("92121595", "0373", 5, "22/23"),
    ("92121595", "0483", 5, "22/23"),
    ("92121595", "0484", 7, "22/23"),
    ("92121595", "0485", 7, "22/23"),
    ("92121595", "0487", 5, "22/23"),
    ("92121595", "0493", 8, "22/23"),
    ("92121595", "CV0003", 3, "22/23"),
    ("32967944", "0373", 6, "22/23"),
    ("32967944", "0483", 5, "22/23"),
    ("32967944", "0484", 5, "22/23"),
    ("32967944", "0485", 3, "22/23"),
    ("32967944", "0487", 5, "22/23"),
    ("32967944", "0493", 6, "22/23"),
    ("32967944", "CV0003", 5, "22/23"),
    ("65326822", "0373", 3, "22/23"),
    ("65326822", "0483", 7, "22/23"),
    ("65326822", "0484", 3, "22/23"),
    ("65326822", "0485", 3, "22/23"),
    ("65326822", "0487", 6, "22/23"),
    ("65326822", "0493", 3, "22/23"),
    ("65326822", "CV0003", 6, "22/23"),
    ("59675630", "0373", 6, "22/23"),
    ("59675630", "0483", 5, "22/23"),
    ("59675630", "0484", 3, "22/23"),
    ("59675630", "0485", 3, "22/23"),
    ("59675630", "0487", 1, "22/23"),
    ("59675630", "0493", 5, "22/23"),
    ("59675630", "CV0003", 2, "22/23"),
    ("45367357", "0373", 8, "22/23"),
    ("45367357", "0483", 4, "22/23"),
    ("45367357", "0484", 7, "22/23"),
    ("45367357", "0485", 2, "22/23"),
    ("45367357", "0487", 6, "22/23"),
    ("45367357", "0493", 6, "22/23"),
    ("45367357", "CV0003", 4, "22/23"),
    ("48753021", "0373", 6, "22/23"),
    ("48753021", "0483", 5, "22/23"),
    ("48753021", "0484", 3, "22/23"),
    ("48753021", "0485", 8, "22/23"),
    ("48753021", "0487", 5, "22/23"),
    ("48753021", "0493", 5, "22/23"),
    ("48753021", "CV0003", 2, "22/23"),
    ("25967477", "0373", 3, "22/23"),
    ("25967477", "0483", 3, "22/23"),
    ("25967477", "0484", 2, "22/23"),
    ("25967477", "0485", 1, "22/23"),
    ("25967477", "0487", 1, "22/23"),
    ("25967477", "0493", 0, "22/23"),
    ("25967477", "CV0003", 4, "22/23"),
    ("31855098", "0373", 3, "22/23"),
    ("31855098", "0483", 5, "22/23"),
    ("31855098", "0484", 2, "22/23"),
    ("31855098", "0485", 4, "22/23"),
    ("31855098", "0487", 3, "22/23"),
    ("31855098", "0493", 5, "22/23"),
    ("31855098", "CV0003", 7, "22/23");

INSERT INTO `cursa` (`nia`, `id_modul`, `nota`, `curs_academic`) VALUES
    ("95838816", "0486", 8, "23/24"),
    ("95838816", "0488", 9, "23/24"),
    ("95838816", "0489", 10, "23/24"),
    ("95838816", "0490", 10, "23/24"),
    ("95838816", "0491", 10, "23/24"),
    ("95838816", "0492", 8, "23/24"),
    ("95838816", "0494", 9, "23/24"),
    ("95838816", "0495", 10, "23/24"),
    ("95838816", "CV0004", 10, "23/24"),
    ("88601876", "0486", 10, "23/24"),
    ("88601876", "0488", 8, "23/24"),
    ("88601876", "0489", 10, "23/24"),
    ("88601876", "0490", 8, "23/24"),
    ("88601876", "0491", 9, "23/24"),
    ("88601876", "0492", 10, "23/24"),
    ("88601876", "0494", 8, "23/24"),
    ("88601876", "0495", 9, "23/24"),
    ("88601876", "CV0004", 9, "23/24"),
    ("30268657", "0486", 8, "23/24"),
    ("30268657", "0488", 9, "23/24"),
    ("30268657", "0489", 10, "23/24"),
    ("30268657", "0490", 9, "23/24"),
    ("30268657", "0491", 10, "23/24"),
    ("30268657", "0492", 9, "23/24"),
    ("30268657", "0494", 9, "23/24"),
    ("30268657", "0495", 10, "23/24"),
    ("30268657", "CV0004", 8, "23/24"),
    ("15920428", "0486", 8, "23/24"),
    ("15920428", "0488", 9, "23/24"),
    ("15920428", "0489", 10, "23/24"),
    ("15920428", "0490", 9, "23/24"),
    ("15920428", "0491", 7, "23/24"),
    ("15920428", "0492", 9, "23/24"),
    ("15920428", "0494", 10, "23/24"),
    ("15920428", "0495", 7, "23/24"),
    ("15920428", "CV0004", 8, "23/24"),
    ("48633790", "0486", 9, "23/24"),
    ("48633790", "0488", 7, "23/24"),
    ("48633790", "0489", 9, "23/24"),
    ("48633790", "0490", 9, "23/24"),
    ("48633790", "0491", 9, "23/24"),
    ("48633790", "0492", 9, "23/24"),
    ("48633790", "0494", 8, "23/24"),
    ("48633790", "0495", 9, "23/24"),
    ("48633790", "CV0004", 9, "23/24"),
    ("77189277", "0486", 8, "23/24"),
    ("77189277", "0488", 7, "23/24"),
    ("77189277", "0489", 8, "23/24"),
    ("77189277", "0490", 7, "23/24"),
    ("77189277", "0491", 9, "23/24"),
    ("77189277", "0492", 7, "23/24"),
    ("77189277", "0494", 8, "23/24"),
    ("77189277", "0495", 7, "23/24"),
    ("77189277", "CV0004", 6, "23/24"),
    ("81551216", "0486", 10, "23/24"),
    ("81551216", "0488", 7, "23/24"),
    ("81551216", "0489", 6, "23/24"),
    ("81551216", "0490", 9, "23/24"),
    ("81551216", "0491", 8, "23/24"),
    ("81551216", "0492", 8, "23/24"),
    ("81551216", "0494", 8, "23/24"),
    ("81551216", "0495", 6, "23/24"),
    ("81551216", "CV0004", 8, "23/24"),
    ("54609382", "0486", 8, "23/24"),
    ("54609382", "0488", 8, "23/24"),
    ("54609382", "0489", 8, "23/24"),
    ("54609382", "0490", 7, "23/24"),
    ("54609382", "0491", 6, "23/24"),
    ("54609382", "0492", 7, "23/24"),
    ("54609382", "0494", 7, "23/24"),
    ("54609382", "0495", 7, "23/24"),
    ("54609382", "CV0004", 10, "23/24"),
    ("48089993", "0486", 9, "23/24"),
    ("48089993", "0488", 10, "23/24"),
    ("48089993", "0489", 9, "23/24"),
    ("48089993", "0490", 8, "23/24"),
    ("48089993", "0491", 7, "23/24"),
    ("48089993", "0492", 6, "23/24"),
    ("48089993", "0494", 6, "23/24"),
    ("48089993", "0495", 7, "23/24"),
    ("48089993", "CV0004", 7, "23/24"),
    ("85624618", "0486", 6, "23/24"),
    ("85624618", "0488", 9, "23/24"),
    ("85624618", "0489", 6, "23/24"),
    ("85624618", "0490", 7, "23/24"),
    ("85624618", "0491", 8, "23/24"),
    ("85624618", "0492", 6, "23/24"),
    ("85624618", "0494", 6, "23/24"),
    ("85624618", "0495", 7, "23/24"),
    ("85624618", "CV0004", 7, "23/24"),
    ("86488312", "0486", 7, "23/24"),
    ("86488312", "0488", 5, "23/24"),
    ("86488312", "0489", 8, "23/24"),
    ("86488312", "0490", 9, "23/24"),
    ("86488312", "0491", 7, "23/24"),
    ("86488312", "0492", 5, "23/24"),
    ("86488312", "0494", 5, "23/24"),
    ("86488312", "0495", 8, "23/24"),
    ("86488312", "CV0004", 8, "23/24"),
    ("54029642", "0486", 7, "23/24"),
    ("54029642", "0488", 9, "23/24"),
    ("54029642", "0489", 8, "23/24"),
    ("54029642", "0490", 6, "23/24"),
    ("54029642", "0491", 6, "23/24"),
    ("54029642", "0492", 7, "23/24"),
    ("54029642", "0494", 6, "23/24"),
    ("54029642", "0495", 6, "23/24"),
    ("54029642", "CV0004", 8, "23/24"),
    ("86162105", "0486", 9, "23/24"),
    ("86162105", "0488", 8, "23/24"),
    ("86162105", "0489", 7, "23/24"),
    ("86162105", "0490", 8, "23/24"),
    ("86162105", "0491", 8, "23/24"),
    ("86162105", "0492", 5, "23/24"),
    ("86162105", "0494", 6, "23/24"),
    ("86162105", "0495", 10, "23/24"),
    ("86162105", "CV0004", 10, "23/24"),
    ("52798440", "0486", 10, "23/24"),
    ("52798440", "0488", 9, "23/24"),
    ("52798440", "0489", 8, "23/24"),
    ("52798440", "0490", 6, "23/24"),
    ("52798440", "0491", 8, "23/24"),
    ("52798440", "0492", 6, "23/24"),
    ("52798440", "0494", 7, "23/24"),
    ("52798440", "0495", 8, "23/24"),
    ("52798440", "CV0004", 8, "23/24"),
    ("56480472", "0486", 8, "23/24"),
    ("56480472", "0488", 8, "23/24"),
    ("56480472", "0489", 7, "23/24"),
    ("56480472", "0490", 7, "23/24"),
    ("56480472", "0491", 10, "23/24"),
    ("56480472", "0492", 5, "23/24"),
    ("56480472", "0494", 7, "23/24"),
    ("56480472", "0495", 5, "23/24"),
    ("56480472", "CV0004", 8, "23/24"),
    ("44359797", "0486", 7, "23/24"),
    ("44359797", "0488", 5, "23/24"),
    ("44359797", "0489", 7, "23/24"),
    ("44359797", "0490", 7, "23/24"),
    ("44359797", "0491", 5, "23/24"),
    ("44359797", "0492", 4, "23/24"),
    ("44359797", "0494", 4, "23/24"),
    ("44359797", "0495", 8, "23/24"),
    ("44359797", "CV0004", 4, "23/24"),
    ("95198870", "0486", 6, "23/24"),
    ("95198870", "0488", 6, "23/24"),
    ("95198870", "0489", 6, "23/24"),
    ("95198870", "0490", 4, "23/24"),
    ("95198870", "0491", 4, "23/24"),
    ("95198870", "0492", 4, "23/24"),
    ("95198870", "0494", 6, "23/24"),
    ("95198870", "0495", 4, "23/24"),
    ("95198870", "CV0004", 3, "23/24"),
    ("92121595", "0486", 5, "23/24"),
    ("92121595", "0488", 6, "23/24"),
    ("92121595", "0489", 4, "23/24"),
    ("92121595", "0490", 7, "23/24"),
    ("92121595", "0491", 4, "23/24"),
    ("92121595", "0492", 3, "23/24"),
    ("92121595", "0494", 3, "23/24"),
    ("92121595", "0495", 4, "23/24"),
    ("92121595", "CV0004", 6, "23/24"),
    ("32967944", "0486", 5, "23/24"),
    ("32967944", "0488", 8, "23/24"),
    ("32967944", "0489", 7, "23/24"),
    ("32967944", "0490", 5, "23/24"),
    ("32967944", "0491", 4, "23/24"),
    ("32967944", "0492", 4, "23/24"),
    ("32967944", "0494", 5, "23/24"),
    ("32967944", "0495", 5, "23/24"),
    ("32967944", "CV0004", 4, "23/24"),
    ("65326822", "0486", 7, "23/24"),
    ("65326822", "0488", 7, "23/24"),
    ("65326822", "0489", 6, "23/24"),
    ("65326822", "0490", 3, "23/24"),
    ("65326822", "0491", 3, "23/24"),
    ("65326822", "0492", 5, "23/24"),
    ("65326822", "0494", 5, "23/24"),
    ("65326822", "0495", 3, "23/24"),
    ("65326822", "CV0004", 4, "23/24"),
    ("59675630", "0486", 8, "23/24"),
    ("59675630", "0488", 4, "23/24"),
    ("59675630", "0489", 5, "23/24"),
    ("59675630", "0490", 3, "23/24"),
    ("59675630", "0491", 4, "23/24"),
    ("59675630", "0492", 6, "23/24"),
    ("59675630", "0494", 0, "23/24"),
    ("59675630", "0495", 3, "23/24"),
    ("59675630", "CV0004", 6, "23/24"),
    ("45367357", "0486", 4, "23/24"),
    ("45367357", "0488", 3, "23/24"),
    ("45367357", "0489", 7, "23/24"),
    ("45367357", "0490", 6, "23/24"),
    ("45367357", "0491", 7, "23/24"),
    ("45367357", "0492", 7, "23/24"),
    ("45367357", "0494", 1, "23/24"),
    ("45367357", "0495", 4, "23/24"),
    ("45367357", "CV0004", 3, "23/24"),
    ("48753021", "0486", 5, "23/24"),
    ("48753021", "0488", 4, "23/24"),
    ("48753021", "0489", 5, "23/24"),
    ("48753021", "0490", 2, "23/24"),
    ("48753021", "0491", 7, "23/24"),
    ("48753021", "0492", 4, "23/24"),
    ("48753021", "0494", 3, "23/24"),
    ("48753021", "0495", 3, "23/24"),
    ("48753021", "CV0004", 5, "23/24"),
    ("25967477", "0486", 5, "23/24"),
    ("25967477", "0488", 4, "23/24"),
    ("25967477", "0489", 4, "23/24"),
    ("25967477", "0490", 4, "23/24"),
    ("25967477", "0491", 5, "23/24"),
    ("25967477", "0492", 5, "23/24"),
    ("25967477", "0494", 8, "23/24"),
    ("25967477", "0495", 3, "23/24"),
    ("25967477", "CV0004", 5, "23/24"),
    ("31855098", "0486", 3, "23/24"),
    ("31855098", "0488", 5, "23/24"),
    ("31855098", "0489", 1, "23/24"),
    ("31855098", "0490", 7, "23/24"),
    ("31855098", "0491", 1, "23/24"),
    ("31855098", "0492", 3, "23/24"),
    ("31855098", "0494", 0, "23/24"),
    ("31855098", "0495", 3, "23/24"),
    ("31855098", "CV0004", 5, "23/24");

-- DAW1
INSERT INTO `persona` (`dni`, `nom`, `cognoms`, `telefon`, `data_naixement`, `correu_personal`, `correu_corporatiu`) VALUES
    ("14266797N", "Dolores", "Guzman", "+34 694 591 26", "2002-03-19", "dguzman@gmail.com", "d.guzman@alu.edu.gva.es"),
    ("26265489H", "Hugo", "Alcántara", "+34 668 297 500", "2000-09-06", "halcántara@gmail.com", "h.alcántara@alu.edu.gva.es"),
    ("46867487L", "Álex", "Mur", "+34 636 969 553", "2004-05-15", "ámur@gmail.com", "á.mur@alu.edu.gva.es"),
    ("21484947A", "Ana", "Pareja", "+34 673 497 391", "2003-04-10", "apareja@yahoo.com", "a.pareja@alu.edu.gva.es"),
    ("11954200L", "Lucia", "Porta", "+34 652 49 9", "2004-02-23", "lporta@hotmail.com", "l.porta@alu.edu.gva.es"),
    ("10890313C", "Arlet", "Ibáñez", "+34 698 699 404", "2000-09-21", "aibáñez@gmail.com", "a.ibáñez@alu.edu.gva.es"),
    ("94495852F", "Pau", "Agustí", "+34 674 629 871", "2003-09-19", "pagustí@yahoo.com", "p.agustí@alu.edu.gva.es"),
    ("80329882J", "Ona", "Rios", "+34 696 831 612", "2000-10-21", "orios@yahoo.com", "o.rios@alu.edu.gva.es"),
    ("94976167J", "Antònia", "Niño", "+34 666 320 720", "2003-03-23", "aniño@yahoo.com", "a.niño@alu.edu.gva.es"),
    ("22007781R", "Miguel", "Egea", "+34 625 386 189", "1998-02-13", "megea@gmail.com", "m.egea@alu.edu.gva.es"),
    ("60046829Q", "Clàudia", "Gomis", "+34 63 294 869", "1998-04-07", "cgomis@hotmail.com", "c.gomis@alu.edu.gva.es"),
    ("74558162M", "Joan", "Álvarez", "+34 637 564 299", "2002-11-02", "jálvarez@gmail.com", "j.álvarez@alu.edu.gva.es"),
    ("22681459D", "José", "Sola", "+34 686 961 49", "2001-11-14", "jsola@yahoo.com", "j.sola@alu.edu.gva.es"),
    ("15447756J", "Sara", "Villena", "+34 655 355 144", "2001-09-28", "svillena@gmail.com", "s.villena@alu.edu.gva.es"),
    ("67043420F", "Francisca", "Marco", "+34 667 609 998", "2001-02-23", "fmarco@yahoo.com", "f.marco@alu.edu.gva.es"),
    ("91352271C", "Dolores", "Manrique", "+34 697 753 48", "1999-05-22", "dmanrique@gmail.com", "d.manrique@alu.edu.gva.es"),
    ("30112737X", "Álex", "Sanjuan", "+34 66 855 225", "1999-10-29", "ásanjuan@hotmail.com", "á.sanjuan@alu.edu.gva.es"),
    ("12207200L", "Aina", "Zapata", "+34 633 741 639", "2001-02-05", "azapata@hotmail.com", "a.zapata@alu.edu.gva.es"),
    ("69638601Y", "Sílvia", "Cortina", "+34 659 520 643", "2000-03-18", "scortina@yahoo.com", "s.cortina@alu.edu.gva.es"),
    ("44046026Z", "Biel", "Ordóñez", "+34 675 719 547", "2005-06-22", "bordóñez@gmail.com", "b.ordóñez@alu.edu.gva.es"),
    ("39649208Z", "Isabel", "Aguirre", "+34 62 350 735", "2000-06-14", "iaguirre@yahoo.com", "i.aguirre@alu.edu.gva.es"),
    ("36947732A", "María Teresa", "Bilbao", "+34 650 60 570", "2001-04-24", "mtbilbao@yahoo.com", "mt.bilbao@alu.edu.gva.es"),
    ("40966927V", "Rosa", "Carranza", "+34 622 644 320", "1999-06-04", "rcarranza@gmail.com", "r.carranza@alu.edu.gva.es"),
    ("80594552E", "Manuel", "Bárcena", "+34 638 972 564", "1999-05-12", "mbárcena@gmail.com", "m.bárcena@alu.edu.gva.es"),
    ("94759150R", "Biel", "Torrent", "+34 690 421 887", "2004-06-27", "btorrent@gmail.com", "b.torrent@alu.edu.gva.es");

INSERT INTO `estudiant` (`dni`, `nia`, `id_cicle`, `curs`, `lletra_grup`, `semipresencial`) VALUES
    ("14266797N", "28283845", 4, 1, "", 0),
    ("26265489H", "99769575", 4, 1, "", 0),
    ("46867487L", "14076370", 4, 1, "", 0),
    ("21484947A", "14924329", 4, 1, "", 0),
    ("11954200L", "93340135", 4, 1, "", 0),
    ("10890313C", "12507685", 4, 1, "", 0),
    ("94495852F", "19286411", 4, 1, "", 0),
    ("80329882J", "38320170", 4, 1, "", 0),
    ("94976167J", "76104165", 4, 1, "", 0),
    ("22007781R", "18002434", 4, 1, "", 0),
    ("60046829Q", "31897885", 4, 1, "", 0),
    ("74558162M", "18566589", 4, 1, "", 0),
    ("22681459D", "93549324", 4, 1, "", 0),
    ("15447756J", "32331827", 4, 1, "", 0),
    ("67043420F", "98337501", 4, 1, "", 0),
    ("91352271C", "40485884", 4, 1, "", 0),
    ("30112737X", "75782460", 4, 1, "", 0),
    ("12207200L", "72293901", 4, 1, "", 0),
    ("69638601Y", "22751397", 4, 1, "", 0),
    ("44046026Z", "34018064", 4, 1, "", 0),
    ("39649208Z", "17662352", 4, 1, "", 0),
    ("36947732A", "27894173", 4, 1, "", 0),
    ("40966927V", "82186272", 4, 1, "", 0),
    ("80594552E", "29203720", 4, 1, "", 0),
    ("94759150R", "54411276", 4, 1, "", 0);

INSERT INTO `cursa` (`nia`, `id_modul`, `nota`, `curs_academic`) VALUES
    ("28283845", "0373", 10, "23/24"),
    ("28283845", "0483", 9, "23/24"),
    ("28283845", "0484", 9, "23/24"),
    ("28283845", "0485", 10, "23/24"),
    ("28283845", "0487", 9, "23/24"),
    ("28283845", "0617", 10, "23/24"),
    ("28283845", "CV0003", 9, "23/24"),
    ("99769575", "0373", 7, "23/24"),
    ("99769575", "0483", 8, "23/24"),
    ("99769575", "0484", 8, "23/24"),
    ("99769575", "0485", 10, "23/24"),
    ("99769575", "0487", 10, "23/24"),
    ("99769575", "0617", 8, "23/24"),
    ("99769575", "CV0003", 10, "23/24"),
    ("14076370", "0373", 8, "23/24"),
    ("14076370", "0483", 10, "23/24"),
    ("14076370", "0484", 9, "23/24"),
    ("14076370", "0485", 10, "23/24"),
    ("14076370", "0487", 9, "23/24"),
    ("14076370", "0617", 8, "23/24"),
    ("14076370", "CV0003", 6, "23/24"),
    ("14924329", "0373", 8, "23/24"),
    ("14924329", "0483", 8, "23/24"),
    ("14924329", "0484", 9, "23/24"),
    ("14924329", "0485", 9, "23/24"),
    ("14924329", "0487", 9, "23/24"),
    ("14924329", "0617", 7, "23/24"),
    ("14924329", "CV0003", 10, "23/24"),
    ("93340135", "0373", 10, "23/24"),
    ("93340135", "0483", 10, "23/24"),
    ("93340135", "0484", 8, "23/24"),
    ("93340135", "0485", 9, "23/24"),
    ("93340135", "0487", 9, "23/24"),
    ("93340135", "0617", 7, "23/24"),
    ("93340135", "CV0003", 7, "23/24"),
    ("12507685", "0373", 8, "23/24"),
    ("12507685", "0483", 7, "23/24"),
    ("12507685", "0484", 7, "23/24"),
    ("12507685", "0485", 10, "23/24"),
    ("12507685", "0487", 6, "23/24"),
    ("12507685", "0617", 9, "23/24"),
    ("12507685", "CV0003", 5, "23/24"),
    ("19286411", "0373", 7, "23/24"),
    ("19286411", "0483", 6, "23/24"),
    ("19286411", "0484", 7, "23/24"),
    ("19286411", "0485", 9, "23/24"),
    ("19286411", "0487", 8, "23/24"),
    ("19286411", "0617", 8, "23/24"),
    ("19286411", "CV0003", 8, "23/24"),
    ("38320170", "0373", 6, "23/24"),
    ("38320170", "0483", 7, "23/24"),
    ("38320170", "0484", 7, "23/24"),
    ("38320170", "0485", 8, "23/24"),
    ("38320170", "0487", 7, "23/24"),
    ("38320170", "0617", 6, "23/24"),
    ("38320170", "CV0003", 9, "23/24"),
    ("76104165", "0373", 6, "23/24"),
    ("76104165", "0483", 9, "23/24"),
    ("76104165", "0484", 6, "23/24"),
    ("76104165", "0485", 6, "23/24"),
    ("76104165", "0487", 5, "23/24"),
    ("76104165", "0617", 5, "23/24"),
    ("76104165", "CV0003", 6, "23/24"),
    ("18002434", "0373", 7, "23/24"),
    ("18002434", "0483", 7, "23/24"),
    ("18002434", "0484", 9, "23/24"),
    ("18002434", "0485", 10, "23/24"),
    ("18002434", "0487", 8, "23/24"),
    ("18002434", "0617", 8, "23/24"),
    ("18002434", "CV0003", 8, "23/24"),
    ("31897885", "0373", 9, "23/24"),
    ("31897885", "0483", 8, "23/24"),
    ("31897885", "0484", 10, "23/24"),
    ("31897885", "0485", 5, "23/24"),
    ("31897885", "0487", 9, "23/24"),
    ("31897885", "0617", 6, "23/24"),
    ("31897885", "CV0003", 8, "23/24"),
    ("18566589", "0373", 6, "23/24"),
    ("18566589", "0483", 5, "23/24"),
    ("18566589", "0484", 8, "23/24"),
    ("18566589", "0485", 8, "23/24"),
    ("18566589", "0487", 8, "23/24"),
    ("18566589", "0617", 7, "23/24"),
    ("18566589", "CV0003", 7, "23/24"),
    ("93549324", "0373", 8, "23/24"),
    ("93549324", "0483", 10, "23/24"),
    ("93549324", "0484", 6, "23/24"),
    ("93549324", "0485", 9, "23/24"),
    ("93549324", "0487", 5, "23/24"),
    ("93549324", "0617", 7, "23/24"),
    ("93549324", "CV0003", 7, "23/24"),
    ("32331827", "0373", 5, "23/24"),
    ("32331827", "0483", 10, "23/24"),
    ("32331827", "0484", 8, "23/24"),
    ("32331827", "0485", 6, "23/24"),
    ("32331827", "0487", 7, "23/24"),
    ("32331827", "0617", 6, "23/24"),
    ("32331827", "CV0003", 8, "23/24"),
    ("98337501", "0373", 10, "23/24"),
    ("98337501", "0483", 8, "23/24"),
    ("98337501", "0484", 7, "23/24"),
    ("98337501", "0485", 10, "23/24"),
    ("98337501", "0487", 8, "23/24"),
    ("98337501", "0617", 9, "23/24"),
    ("98337501", "CV0003", 8, "23/24"),
    ("40485884", "0373", 5, "23/24"),
    ("40485884", "0483", 4, "23/24"),
    ("40485884", "0484", 4, "23/24"),
    ("40485884", "0485", 6, "23/24"),
    ("40485884", "0487", 5, "23/24"),
    ("40485884", "0617", 3, "23/24"),
    ("40485884", "CV0003", 3, "23/24"),
    ("75782460", "0373", 4, "23/24"),
    ("75782460", "0483", 6, "23/24"),
    ("75782460", "0484", 3, "23/24"),
    ("75782460", "0485", 4, "23/24"),
    ("75782460", "0487", 5, "23/24"),
    ("75782460", "0617", 6, "23/24"),
    ("75782460", "CV0003", 7, "23/24"),
    ("72293901", "0373", 8, "23/24"),
    ("72293901", "0483", 4, "23/24"),
    ("72293901", "0484", 4, "23/24"),
    ("72293901", "0485", 7, "23/24"),
    ("72293901", "0487", 7, "23/24"),
    ("72293901", "0617", 3, "23/24"),
    ("72293901", "CV0003", 4, "23/24"),
    ("22751397", "0373", 8, "23/24"),
    ("22751397", "0483", 3, "23/24"),
    ("22751397", "0484", 7, "23/24"),
    ("22751397", "0485", 5, "23/24"),
    ("22751397", "0487", 7, "23/24"),
    ("22751397", "0617", 6, "23/24"),
    ("22751397", "CV0003", 3, "23/24"),
    ("34018064", "0373", 5, "23/24"),
    ("34018064", "0483", 3, "23/24"),
    ("34018064", "0484", 3, "23/24"),
    ("34018064", "0485", 3, "23/24"),
    ("34018064", "0487", 6, "23/24"),
    ("34018064", "0617", 6, "23/24"),
    ("34018064", "CV0003", 5, "23/24"),
    ("17662352", "0373", 3, "23/24"),
    ("17662352", "0483", 2, "23/24"),
    ("17662352", "0484", 2, "23/24"),
    ("17662352", "0485", 5, "23/24"),
    ("17662352", "0487", 7, "23/24"),
    ("17662352", "0617", 7, "23/24"),
    ("17662352", "CV0003", 4, "23/24"),
    ("27894173", "0373", 3, "23/24"),
    ("27894173", "0483", 3, "23/24"),
    ("27894173", "0484", 6, "23/24"),
    ("27894173", "0485", 5, "23/24"),
    ("27894173", "0487", 3, "23/24"),
    ("27894173", "0617", 1, "23/24"),
    ("27894173", "CV0003", 3, "23/24"),
    ("82186272", "0373", 4, "23/24"),
    ("82186272", "0483", 1, "23/24"),
    ("82186272", "0484", 4, "23/24"),
    ("82186272", "0485", 6, "23/24"),
    ("82186272", "0487", 3, "23/24"),
    ("82186272", "0617", 8, "23/24"),
    ("82186272", "CV0003", 2, "23/24"),
    ("29203720", "0373", 3, "23/24"),
    ("29203720", "0483", 2, "23/24"),
    ("29203720", "0484", 6, "23/24"),
    ("29203720", "0485", 0, "23/24"),
    ("29203720", "0487", 7, "23/24"),
    ("29203720", "0617", 3, "23/24"),
    ("29203720", "CV0003", 3, "23/24"),
    ("54411276", "0373", 4, "23/24"),
    ("54411276", "0483", 9, "23/24"),
    ("54411276", "0484", 5, "23/24"),
    ("54411276", "0485", 3, "23/24"),
    ("54411276", "0487", 8, "23/24"),
    ("54411276", "0617", 5, "23/24"),
    ("54411276", "CV0003", 1, "23/24");

-- DAW2
INSERT INTO `persona` (`dni`, `nom`, `cognoms`, `telefon`, `data_naixement`, `correu_personal`, `correu_corporatiu`) VALUES
    ("72372222P", "Enzo", "Blasco", "+34 681 998 252", "2003-08-23", "eblasco@hotmail.com", "e.blasco@alu.edu.gva.es"),
    ("33336663A", "Martina", "Salcedo", "+34 647 970 209", "1998-05-12", "msalcedo@yahoo.com", "m.salcedo@alu.edu.gva.es"),
    ("01727468F", "Martina", "Puerta", "+34 667 571 235", "2002-08-14", "mpuerta@gmail.com", "m.puerta@alu.edu.gva.es"),
    ("59563235C", "Núria", "Sanmartín", "+34 659 286 668", "1999-04-06", "nsanmartín@gmail.com", "n.sanmartín@alu.edu.gva.es"),
    ("01780605Z", "Pol", "Camps", "+34 640 958 811", "2000-09-09", "pcamps@gmail.com", "p.camps@alu.edu.gva.es"),
    ("74907317C", "Èric", "Leon", "+34 646 335 341", "2001-10-05", "èleon@yahoo.com", "è.leon@alu.edu.gva.es"),
    ("78885786H", "Noa", "Doménech", "+34 618 651 971", "2002-05-07", "ndoménech@yahoo.com", "n.doménech@alu.edu.gva.es"),
    ("14713060Y", "Laura", "Casal", "+34 684 606 806", "1999-06-04", "lcasal@hotmail.com", "l.casal@alu.edu.gva.es"),
    ("12010031Y", "Montserrat", "Escribano", "+34 665 517 124", "2001-01-29", "mescribano@gmail.com", "m.escribano@alu.edu.gva.es"),
    ("29866095C", "Paula", "Franch", "+34 613 332 42", "2001-11-19", "pfranch@hotmail.com", "p.franch@alu.edu.gva.es"),
    ("02064836B", "Daniel", "Pombo", "+34 650 280 566", "2003-04-13", "dpombo@hotmail.com", "d.pombo@alu.edu.gva.es"),
    ("79246188X", "María", "Pérez", "+34 693 60 648", "2002-04-25", "mpérez@hotmail.com", "m.pérez@alu.edu.gva.es"),
    ("76594503H", "Laia", "Mayol", "+34 636 887 178", "2004-12-25", "lmayol@gmail.com", "l.mayol@alu.edu.gva.es"),
    ("17160575E", "María", "Ballesteros", "+34 618 984 477", "1997-12-17", "mballesteros@hotmail.com", "m.ballesteros@alu.edu.gva.es"),
    ("74999306D", "Manuel", "Múñiz", "+34 62 778 943", "2002-04-25", "mmúñiz@gmail.com", "m.múñiz@alu.edu.gva.es"),
    ("56039447Q", "Biel", "Zapata", "+34 646 514 268", "2004-10-27", "bzapata@hotmail.com", "b.zapata@alu.edu.gva.es"),
    ("41051614H", "Ona", "Sabater", "+34 67 923 978", "2003-04-19", "osabater@gmail.com", "o.sabater@alu.edu.gva.es"),
    ("97525849F", "Dolores", "Cisneros", "+34 674 592 496", "2006-05-06", "dcisneros@hotmail.com", "d.cisneros@alu.edu.gva.es"),
    ("70077718F", "Lucas", "Juárez", "+34 675 695 674", "2000-09-16", "ljuárez@gmail.com", "l.juárez@alu.edu.gva.es"),
    ("03489810C", "Josep", "Larrea", "+34 671 530 433", "1999-12-30", "jlarrea@yahoo.com", "j.larrea@alu.edu.gva.es"),
    ("57522384M", "Èric", "Torrens", "+34 688 752 960", "2003-10-29", "ètorrens@gmail.com", "è.torrens@alu.edu.gva.es"),
    ("77426839F", "Sara", "Ferrándiz", "+34 652 300 361", "1999-11-20", "sferrándiz@yahoo.com", "s.ferrándiz@alu.edu.gva.es"),
    ("16001808H", "Jorge", "Corral", "+34 689 28 936", "1998-12-20", "jcorral@yahoo.com", "j.corral@alu.edu.gva.es"),
    ("35805649P", "Chlóe", "Estevez", "+34 675 958 933", "2002-07-01", "cestevez@hotmail.com", "c.estevez@alu.edu.gva.es"),
    ("87654727W", "Antonia", "Plaza", "+34 693 501 492", "2001-05-09", "aplaza@gmail.com", "a.plaza@alu.edu.gva.es");

INSERT INTO `estudiant` (`dni`, `nia`, `id_cicle`, `curs`, `lletra_grup`, `semipresencial`) VALUES
    ("72372222P", "27936804", 4, 2, "", 0),
    ("33336663A", "46067748", 4, 2, "", 0),
    ("01727468F", "65113807", 4, 2, "", 0),
    ("59563235C", "85166921", 4, 2, "", 0),
    ("01780605Z", "67028663", 4, 2, "", 0),
    ("74907317C", "58998954", 4, 2, "", 0),
    ("78885786H", "52247349", 4, 2, "", 0),
    ("14713060Y", "67334545", 4, 2, "", 0),
    ("12010031Y", "67988417", 4, 2, "", 0),
    ("29866095C", "39062734", 4, 2, "", 0),
    ("02064836B", "88116101", 4, 2, "", 0),
    ("79246188X", "79908211", 4, 2, "", 0),
    ("76594503H", "54550890", 4, 2, "", 0),
    ("17160575E", "95567868", 4, 2, "", 0),
    ("74999306D", "43685640", 4, 2, "", 0),
    ("56039447Q", "98204170", 4, 2, "", 0),
    ("41051614H", "36608601", 4, 2, "", 0),
    ("97525849F", "68591077", 4, 2, "", 0),
    ("70077718F", "74100365", 4, 2, "", 0),
    ("03489810C", "36133192", 4, 2, "", 0),
    ("57522384M", "72613565", 4, 2, "", 0),
    ("77426839F", "68453101", 4, 2, "", 0),
    ("16001808H", "64345071", 4, 2, "", 0),
    ("35805649P", "85394684", 4, 2, "", 0),
    ("87654727W", "59039110", 4, 2, "", 0);

INSERT INTO `cursa` (`nia`, `id_modul`, `nota`, `curs_academic`) VALUES
    ("27936804", "0373", 8, "22/23"),
    ("27936804", "0483", 8, "22/23"),
    ("27936804", "0484", 8, "22/23"),
    ("27936804", "0485", 9, "22/23"),
    ("27936804", "0487", 10, "22/23"),
    ("27936804", "0617", 8, "22/23"),
    ("27936804", "CV0003", 8, "22/23"),
    ("46067748", "0373", 8, "22/23"),
    ("46067748", "0483", 10, "22/23"),
    ("46067748", "0484", 9, "22/23"),
    ("46067748", "0485", 10, "22/23"),
    ("46067748", "0487", 8, "22/23"),
    ("46067748", "0617", 10, "22/23"),
    ("46067748", "CV0003", 8, "22/23"),
    ("65113807", "0373", 9, "22/23"),
    ("65113807", "0483", 10, "22/23"),
    ("65113807", "0484", 8, "22/23"),
    ("65113807", "0485", 7, "22/23"),
    ("65113807", "0487", 10, "22/23"),
    ("65113807", "0617", 8, "22/23"),
    ("65113807", "CV0003", 8, "22/23"),
    ("85166921", "0373", 9, "22/23"),
    ("85166921", "0483", 10, "22/23"),
    ("85166921", "0484", 9, "22/23"),
    ("85166921", "0485", 7, "22/23"),
    ("85166921", "0487", 9, "22/23"),
    ("85166921", "0617", 8, "22/23"),
    ("85166921", "CV0003", 9, "22/23"),
    ("67028663", "0373", 8, "22/23"),
    ("67028663", "0483", 9, "22/23"),
    ("67028663", "0484", 9, "22/23"),
    ("67028663", "0485", 10, "22/23"),
    ("67028663", "0487", 9, "22/23"),
    ("67028663", "0617", 8, "22/23"),
    ("67028663", "CV0003", 10, "22/23"),
    ("58998954", "0373", 7, "22/23"),
    ("58998954", "0483", 7, "22/23"),
    ("58998954", "0484", 8, "22/23"),
    ("58998954", "0485", 7, "22/23"),
    ("58998954", "0487", 9, "22/23"),
    ("58998954", "0617", 6, "22/23"),
    ("58998954", "CV0003", 7, "22/23"),
    ("52247349", "0373", 7, "22/23"),
    ("52247349", "0483", 9, "22/23"),
    ("52247349", "0484", 8, "22/23"),
    ("52247349", "0485", 9, "22/23"),
    ("52247349", "0487", 5, "22/23"),
    ("52247349", "0617", 7, "22/23"),
    ("52247349", "CV0003", 7, "22/23"),
    ("67334545", "0373", 7, "22/23"),
    ("67334545", "0483", 9, "22/23"),
    ("67334545", "0484", 8, "22/23"),
    ("67334545", "0485", 5, "22/23"),
    ("67334545", "0487", 8, "22/23"),
    ("67334545", "0617", 6, "22/23"),
    ("67334545", "CV0003", 9, "22/23"),
    ("67988417", "0373", 9, "22/23"),
    ("67988417", "0483", 7, "22/23"),
    ("67988417", "0484", 7, "22/23"),
    ("67988417", "0485", 6, "22/23"),
    ("67988417", "0487", 7, "22/23"),
    ("67988417", "0617", 8, "22/23"),
    ("67988417", "CV0003", 7, "22/23"),
    ("39062734", "0373", 5, "22/23"),
    ("39062734", "0483", 6, "22/23"),
    ("39062734", "0484", 8, "22/23"),
    ("39062734", "0485", 7, "22/23"),
    ("39062734", "0487", 10, "22/23"),
    ("39062734", "0617", 9, "22/23"),
    ("39062734", "CV0003", 10, "22/23"),
    ("88116101", "0373", 6, "22/23"),
    ("88116101", "0483", 6, "22/23"),
    ("88116101", "0484", 8, "22/23"),
    ("88116101", "0485", 9, "22/23"),
    ("88116101", "0487", 10, "22/23"),
    ("88116101", "0617", 8, "22/23"),
    ("88116101", "CV0003", 7, "22/23"),
    ("79908211", "0373", 5, "22/23"),
    ("79908211", "0483", 8, "22/23"),
    ("79908211", "0484", 10, "22/23"),
    ("79908211", "0485", 8, "22/23"),
    ("79908211", "0487", 6, "22/23"),
    ("79908211", "0617", 5, "22/23"),
    ("79908211", "CV0003", 9, "22/23"),
    ("54550890", "0373", 8, "22/23"),
    ("54550890", "0483", 7, "22/23"),
    ("54550890", "0484", 8, "22/23"),
    ("54550890", "0485", 8, "22/23"),
    ("54550890", "0487", 9, "22/23"),
    ("54550890", "0617", 8, "22/23"),
    ("54550890", "CV0003", 6, "22/23"),
    ("95567868", "0373", 8, "22/23"),
    ("95567868", "0483", 8, "22/23"),
    ("95567868", "0484", 8, "22/23"),
    ("95567868", "0485", 8, "22/23"),
    ("95567868", "0487", 6, "22/23"),
    ("95567868", "0617", 7, "22/23"),
    ("95567868", "CV0003", 7, "22/23"),
    ("43685640", "0373", 9, "22/23"),
    ("43685640", "0483", 9, "22/23"),
    ("43685640", "0484", 7, "22/23"),
    ("43685640", "0485", 10, "22/23"),
    ("43685640", "0487", 8, "22/23"),
    ("43685640", "0617", 7, "22/23"),
    ("43685640", "CV0003", 7, "22/23"),
    ("98204170", "0373", 6, "22/23"),
    ("98204170", "0483", 7, "22/23"),
    ("98204170", "0484", 5, "22/23"),
    ("98204170", "0485", 5, "22/23"),
    ("98204170", "0487", 4, "22/23"),
    ("98204170", "0617", 7, "22/23"),
    ("98204170", "CV0003", 3, "22/23"),
    ("36608601", "0373", 4, "22/23"),
    ("36608601", "0483", 6, "22/23"),
    ("36608601", "0484", 3, "22/23"),
    ("36608601", "0485", 4, "22/23"),
    ("36608601", "0487", 7, "22/23"),
    ("36608601", "0617", 4, "22/23"),
    ("36608601", "CV0003", 5, "22/23"),
    ("68591077", "0373", 6, "22/23"),
    ("68591077", "0483", 7, "22/23"),
    ("68591077", "0484", 4, "22/23"),
    ("68591077", "0485", 3, "22/23"),
    ("68591077", "0487", 3, "22/23"),
    ("68591077", "0617", 7, "22/23"),
    ("68591077", "CV0003", 7, "22/23"),
    ("74100365", "0373", 6, "22/23"),
    ("74100365", "0483", 5, "22/23"),
    ("74100365", "0484", 4, "22/23"),
    ("74100365", "0485", 5, "22/23"),
    ("74100365", "0487", 4, "22/23"),
    ("74100365", "0617", 5, "22/23"),
    ("74100365", "CV0003", 4, "22/23"),
    ("36133192", "0373", 5, "22/23"),
    ("36133192", "0483", 6, "22/23"),
    ("36133192", "0484", 5, "22/23"),
    ("36133192", "0485", 8, "22/23"),
    ("36133192", "0487", 4, "22/23"),
    ("36133192", "0617", 7, "22/23"),
    ("36133192", "CV0003", 3, "22/23"),
    ("72613565", "0373", 2, "22/23"),
    ("72613565", "0483", 6, "22/23"),
    ("72613565", "0484", 4, "22/23"),
    ("72613565", "0485", 0, "22/23"),
    ("72613565", "0487", 4, "22/23"),
    ("72613565", "0617", 4, "22/23"),
    ("72613565", "CV0003", 4, "22/23"),
    ("68453101", "0373", 3, "22/23"),
    ("68453101", "0483", 5, "22/23"),
    ("68453101", "0484", 5, "22/23"),
    ("68453101", "0485", 4, "22/23"),
    ("68453101", "0487", 5, "22/23"),
    ("68453101", "0617", 3, "22/23"),
    ("68453101", "CV0003", 0, "22/23"),
    ("64345071", "0373", 7, "22/23"),
    ("64345071", "0483", 3, "22/23"),
    ("64345071", "0484", 3, "22/23"),
    ("64345071", "0485", 4, "22/23"),
    ("64345071", "0487", 3, "22/23"),
    ("64345071", "0617", 3, "22/23"),
    ("64345071", "CV0003", 3, "22/23"),
    ("85394684", "0373", 3, "22/23"),
    ("85394684", "0483", 4, "22/23"),
    ("85394684", "0484", 1, "22/23"),
    ("85394684", "0485", 1, "22/23"),
    ("85394684", "0487", 8, "22/23"),
    ("85394684", "0617", 3, "22/23"),
    ("85394684", "CV0003", 2, "22/23"),
    ("59039110", "0373", 2, "22/23"),
    ("59039110", "0483", 3, "22/23"),
    ("59039110", "0484", 6, "22/23"),
    ("59039110", "0485", 1, "22/23"),
    ("59039110", "0487", 5, "22/23"),
    ("59039110", "0617", 7, "22/23"),
    ("59039110", "CV0003", 4, "22/23");

INSERT INTO `cursa` (`nia`, `id_modul`, `nota`, `curs_academic`) VALUES
    ("27936804", "0612", 9, "23/24"),
    ("27936804", "0613", 8, "23/24"),
    ("27936804", "0614", 10, "23/24"),
    ("27936804", "0615", 9, "23/24"),
    ("27936804", "0616", 10, "23/24"),
    ("27936804", "0618", 9, "23/24"),
    ("27936804", "0619", 10, "23/24"),
    ("27936804", "CV0004", 9, "23/24"),
    ("46067748", "0612", 7, "23/24"),
    ("46067748", "0613", 9, "23/24"),
    ("46067748", "0614", 9, "23/24"),
    ("46067748", "0615", 8, "23/24"),
    ("46067748", "0616", 9, "23/24"),
    ("46067748", "0618", 10, "23/24"),
    ("46067748", "0619", 10, "23/24"),
    ("46067748", "CV0004", 7, "23/24"),
    ("65113807", "0612", 10, "23/24"),
    ("65113807", "0613", 8, "23/24"),
    ("65113807", "0614", 9, "23/24"),
    ("65113807", "0615", 10, "23/24"),
    ("65113807", "0616", 8, "23/24"),
    ("65113807", "0618", 8, "23/24"),
    ("65113807", "0619", 10, "23/24"),
    ("65113807", "CV0004", 8, "23/24"),
    ("85166921", "0612", 10, "23/24"),
    ("85166921", "0613", 10, "23/24"),
    ("85166921", "0614", 9, "23/24"),
    ("85166921", "0615", 10, "23/24"),
    ("85166921", "0616", 8, "23/24"),
    ("85166921", "0618", 9, "23/24"),
    ("85166921", "0619", 8, "23/24"),
    ("85166921", "CV0004", 10, "23/24"),
    ("67028663", "0612", 9, "23/24"),
    ("67028663", "0613", 9, "23/24"),
    ("67028663", "0614", 8, "23/24"),
    ("67028663", "0615", 8, "23/24"),
    ("67028663", "0616", 8, "23/24"),
    ("67028663", "0618", 8, "23/24"),
    ("67028663", "0619", 10, "23/24"),
    ("67028663", "CV0004", 8, "23/24"),
    ("58998954", "0612", 8, "23/24"),
    ("58998954", "0613", 8, "23/24"),
    ("58998954", "0614", 8, "23/24"),
    ("58998954", "0615", 6, "23/24"),
    ("58998954", "0616", 9, "23/24"),
    ("58998954", "0618", 6, "23/24"),
    ("58998954", "0619", 5, "23/24"),
    ("58998954", "CV0004", 9, "23/24"),
    ("52247349", "0612", 9, "23/24"),
    ("52247349", "0613", 6, "23/24"),
    ("52247349", "0614", 8, "23/24"),
    ("52247349", "0615", 7, "23/24"),
    ("52247349", "0616", 9, "23/24"),
    ("52247349", "0618", 8, "23/24"),
    ("52247349", "0619", 8, "23/24"),
    ("52247349", "CV0004", 8, "23/24"),
    ("67334545", "0612", 8, "23/24"),
    ("67334545", "0613", 8, "23/24"),
    ("67334545", "0614", 5, "23/24"),
    ("67334545", "0615", 9, "23/24"),
    ("67334545", "0616", 10, "23/24"),
    ("67334545", "0618", 8, "23/24"),
    ("67334545", "0619", 8, "23/24"),
    ("67334545", "CV0004", 8, "23/24"),
    ("67988417", "0612", 8, "23/24"),
    ("67988417", "0613", 6, "23/24"),
    ("67988417", "0614", 10, "23/24"),
    ("67988417", "0615", 10, "23/24"),
    ("67988417", "0616", 7, "23/24"),
    ("67988417", "0618", 7, "23/24"),
    ("67988417", "0619", 7, "23/24"),
    ("67988417", "CV0004", 6, "23/24"),
    ("39062734", "0612", 6, "23/24"),
    ("39062734", "0613", 6, "23/24"),
    ("39062734", "0614", 8, "23/24"),
    ("39062734", "0615", 6, "23/24"),
    ("39062734", "0616", 10, "23/24"),
    ("39062734", "0618", 6, "23/24"),
    ("39062734", "0619", 5, "23/24"),
    ("39062734", "CV0004", 7, "23/24"),
    ("88116101", "0612", 8, "23/24"),
    ("88116101", "0613", 10, "23/24"),
    ("88116101", "0614", 9, "23/24"),
    ("88116101", "0615", 7, "23/24"),
    ("88116101", "0616", 6, "23/24"),
    ("88116101", "0618", 8, "23/24"),
    ("88116101", "0619", 5, "23/24"),
    ("88116101", "CV0004", 7, "23/24"),
    ("79908211", "0612", 5, "23/24"),
    ("79908211", "0613", 7, "23/24"),
    ("79908211", "0614", 6, "23/24"),
    ("79908211", "0615", 10, "23/24"),
    ("79908211", "0616", 9, "23/24"),
    ("79908211", "0618", 7, "23/24"),
    ("79908211", "0619", 8, "23/24"),
    ("79908211", "CV0004", 6, "23/24"),
    ("54550890", "0612", 10, "23/24"),
    ("54550890", "0613", 5, "23/24"),
    ("54550890", "0614", 10, "23/24"),
    ("54550890", "0615", 8, "23/24"),
    ("54550890", "0616", 8, "23/24"),
    ("54550890", "0618", 6, "23/24"),
    ("54550890", "0619", 6, "23/24"),
    ("54550890", "CV0004", 6, "23/24"),
    ("95567868", "0612", 7, "23/24"),
    ("95567868", "0613", 5, "23/24"),
    ("95567868", "0614", 8, "23/24"),
    ("95567868", "0615", 7, "23/24"),
    ("95567868", "0616", 8, "23/24"),
    ("95567868", "0618", 8, "23/24"),
    ("95567868", "0619", 5, "23/24"),
    ("95567868", "CV0004", 7, "23/24"),
    ("43685640", "0612", 7, "23/24"),
    ("43685640", "0613", 9, "23/24"),
    ("43685640", "0614", 9, "23/24"),
    ("43685640", "0615", 6, "23/24"),
    ("43685640", "0616", 7, "23/24"),
    ("43685640", "0618", 6, "23/24"),
    ("43685640", "0619", 7, "23/24"),
    ("43685640", "CV0004", 8, "23/24"),
    ("98204170", "0612", 7, "23/24"),
    ("98204170", "0613", 7, "23/24"),
    ("98204170", "0614", 4, "23/24"),
    ("98204170", "0615", 3, "23/24"),
    ("98204170", "0616", 3, "23/24"),
    ("98204170", "0618", 4, "23/24"),
    ("98204170", "0619", 3, "23/24"),
    ("98204170", "CV0004", 3, "23/24"),
    ("36608601", "0612", 6, "23/24"),
    ("36608601", "0613", 5, "23/24"),
    ("36608601", "0614", 6, "23/24"),
    ("36608601", "0615", 5, "23/24"),
    ("36608601", "0616", 7, "23/24"),
    ("36608601", "0618", 5, "23/24"),
    ("36608601", "0619", 4, "23/24"),
    ("36608601", "CV0004", 4, "23/24"),
    ("68591077", "0612", 7, "23/24"),
    ("68591077", "0613", 3, "23/24"),
    ("68591077", "0614", 5, "23/24"),
    ("68591077", "0615", 6, "23/24"),
    ("68591077", "0616", 4, "23/24"),
    ("68591077", "0618", 3, "23/24"),
    ("68591077", "0619", 6, "23/24"),
    ("68591077", "CV0004", 5, "23/24"),
    ("74100365", "0612", 9, "23/24"),
    ("74100365", "0613", 7, "23/24"),
    ("74100365", "0614", 6, "23/24"),
    ("74100365", "0615", 3, "23/24"),
    ("74100365", "0616", 3, "23/24"),
    ("74100365", "0618", 3, "23/24"),
    ("74100365", "0619", 4, "23/24"),
    ("74100365", "CV0004", 5, "23/24"),
    ("36133192", "0612", 6, "23/24"),
    ("36133192", "0613", 4, "23/24"),
    ("36133192", "0614", 5, "23/24"),
    ("36133192", "0615", 3, "23/24"),
    ("36133192", "0616", 4, "23/24"),
    ("36133192", "0618", 3, "23/24"),
    ("36133192", "0619", 3, "23/24"),
    ("36133192", "CV0004", 4, "23/24"),
    ("72613565", "0612", 3, "23/24"),
    ("72613565", "0613", 4, "23/24"),
    ("72613565", "0614", 1, "23/24"),
    ("72613565", "0615", 3, "23/24"),
    ("72613565", "0616", 5, "23/24"),
    ("72613565", "0618", 4, "23/24"),
    ("72613565", "0619", 4, "23/24"),
    ("72613565", "CV0004", 5, "23/24"),
    ("68453101", "0612", 5, "23/24"),
    ("68453101", "0613", 6, "23/24"),
    ("68453101", "0614", 4, "23/24"),
    ("68453101", "0615", 5, "23/24"),
    ("68453101", "0616", 0, "23/24"),
    ("68453101", "0618", 5, "23/24"),
    ("68453101", "0619", 6, "23/24"),
    ("68453101", "CV0004", 10, "23/24"),
    ("64345071", "0612", 4, "23/24"),
    ("64345071", "0613", 4, "23/24"),
    ("64345071", "0614", 7, "23/24"),
    ("64345071", "0615", 7, "23/24"),
    ("64345071", "0616", 4, "23/24"),
    ("64345071", "0618", 4, "23/24"),
    ("64345071", "0619", 4, "23/24"),
    ("64345071", "CV0004", 4, "23/24"),
    ("85394684", "0612", 5, "23/24"),
    ("85394684", "0613", 7, "23/24"),
    ("85394684", "0614", 2, "23/24"),
    ("85394684", "0615", 2, "23/24"),
    ("85394684", "0616", 1, "23/24"),
    ("85394684", "0618", 6, "23/24"),
    ("85394684", "0619", 0, "23/24"),
    ("85394684", "CV0004", 4, "23/24"),
    ("59039110", "0612", 5, "23/24"),
    ("59039110", "0613", 9, "23/24"),
    ("59039110", "0614", 0, "23/24"),
    ("59039110", "0615", 7, "23/24"),
    ("59039110", "0616", 6, "23/24"),
    ("59039110", "0618", 3, "23/24"),
    ("59039110", "0619", 1, "23/24"),
    ("59039110", "CV0004", 3, "23/24");
